workflowId,name
29dc8668-98ec-44d1-bd08-68efec337187,invictus-giga-test-21
735672a3-458f-4503-9183-5b3e099ab457,invictus-giga-test-8
d261d9ae-d65c-47de-b921-a72e09b75b75,invictus-giga-test-4
6a03f54b-12ec-4022-8ffc-86feadb2c6cd,invictus-giga-test-11
b15e1f0a-fd4d-4c7a-878a-445cb0ce2957,invictus-giga-test-19
c45691f1-31a1-42f2-8b40-bbf4988cc948,invictus-giga-test-10
92994d30-a031-4f32-bbec-b5f6b11c2449,invictus-giga-test-17
b733ff36-32d7-440e-b5f5-894e30cf8580,invictus-giga-test-27
f1103942-42ea-4687-b497-ade59b0adaf0,invictus-giga-test-20
aecb766f-5c20-4c32-93d5-9c7c0a7e0a13,invictus-giga-test-7
2abfcf45-7848-4783-aea2-917760629c8b,invictus-giga-test-18
d8e3cfa8-373a-4a6a-8884-ac264a3b5d40,invictus-giga-test-9
ea0e900b-055b-45a8-86dc-e9ae641163c3,invictus-giga-test-25
b0b4e095-2a22-4088-8dcb-0ba1a554cd14,invictus-giga-test-16
c467610b-cbeb-4dc6-87a2-74d5a336da14,invictus-giga-test-26
5f1ac63e-5bc8-4a30-9fc3-e77c8109e345,invictus-giga-test-24
e1e45fec-ec8d-433f-8be3-87142664aac6,invictus-giga-test-2
4af7f266-848e-4b08-8892-f715b217a977,invictus-giga-test-22
63006e79-3c2b-4ae7-accd-0b56635c9002,invictus-giga-test-23
eb4e7303-60c2-4260-8ba6-718f67e62627,invictus-giga-test-1
956a45a7-f071-44a5-b00e-6e7e09fb0700,invictus-giga-test-13
094616d8-59fe-4e34-a80a-16554208baa6,invictus-giga-test-12
d4b354e4-3eb3-4dd8-a519-2b74feb942fd,invictus-giga-test-6
b75c0866-5ca4-48f8-a620-948479614b85,invictus-giga-test-14
2a75f1fb-19c3-4adf-a0c9-ea66a6dac19c,invictus-giga-test-5
eb4514ea-3eb6-4355-bab7-38f8600a7609,invictus-giga-test-3
94119179-5899-4b43-b58b-df44275e1b23,invictus-giga-test-15
