Address,Tag,Asset ID,Amount
0xff14132c586ac3460cde8221cbfafea12f377eba,Joyful_Sloth1,ETH_TEST3,0.01
0x1343a20938a23114e9c7e53f0d4bdde642d5aae6,Vibrant_Koala1,ETH_TEST3,0.01
0x6acb269dcb4513c59f96c70e50a8192fabf99cdf,Kind_Unicorn1,ETH_TEST3,0.01
0xf6141827b9dafb27ce947058de759a7e5332c4d4,Sad_Elephant1,ETH_TEST3,0.01
0x826b6b491e764236adf0af22f0e4e3e658332d25,Funny_Unicorn1,ETH_TEST3,0.01
0x7f44a5bfd6dfb2cb083bc9fe4347ea46c0bdc8c5,Spunky_Lion1,ETH_TEST3,0.01
0xef30ae5aa1bde58a487ea364483c1c3e80a0543c,Happy_Penguin1,ETH_TEST3,0.01
0xb0be28049e78e068a7f7821ad5cec4acdda53796,Happy_Tiger1,ETH_TEST3,0.01
0x4010043b6baae39c306052b1c7630164048c900e,Spunky_Narwhal1,ETH_TEST3,0.01
0x2cc533e175f7fdd0d949bab0c388e64e31f5879c,Jolly_Unicorn1,ETH_TEST3,0.01
0xe800378e5a02299ab0f78bae496d659797f101a0,Kind_Koala1,ETH_TEST3,0.01
0x577fc86e23aedcdc7fa282c97947c0eb31ffd705,Sad_Elephant1,ETH_TEST3,0.01
0x07ae0a311a34b8026854b91b163cac128bdae57b,Spunky_Lion1,ETH_TEST3,0.01
0xe83cd9321b0a37de65bc4826ba054875581fadb1,Joyful_Penguin1,ETH_TEST3,0.01
0x456a2bac698cb11ed46f7634500f4456ab238706,Happy_Sloth1,ETH_TEST3,0.01
0x4d54d2ea281ba072e3b8d4f4abf87a6a15b47752,Sad_Octopus1,ETH_TEST3,0.01
0x8a29c62f97b6e8287619538e138379976629cca0,Funny_Giraffe1,ETH_TEST3,0.01
0x2b3d95df96d37d348ac20fc04d1d135e615bef6f,Witty_Panda1,ETH_TEST3,0.01
0x6950c95728a319377682cae10e911ea68ac61563,Cheery_Penguin1,ETH_TEST3,0.01
0x82a8905ba8d7707f30c99e244f22d15dcdc05d8a,Clever_Tiger1,ETH_TEST3,0.01
0xd752349f3707c1d77d579b7a26139dd412221fc4,Cheery_Sloth1,ETH_TEST3,0.01
0x406fe30df211abe4f0b106a18fda4fdb119fffd7,Kind_Flamingo1,ETH_TEST3,0.01
0x16b69d95cef5007437a8d9245d8d1528f4f38cdb,Playful_Lion1,ETH_TEST3,0.01
0x153f16fda7cf470fe359a1c2a490965637ff381a,Jolly_Tiger1,ETH_TEST3,0.01
0x4742276b1da0d0cf5f8058f3709df1ad6134c032,Jolly_Narwhal1,ETH_TEST3,0.01
0x227e521a426a606fe7e98c17205b6f19795b62f8,Caring_Kangaroo1,ETH_TEST3,0.01
0xa8f3bde5c975e619929b106294081f99f3aa78c5,Caring_Penguin1,ETH_TEST3,0.01
0xf2ecf1c2478aff4e06822b8bbf44fef95597db96,Vibrant_Kangaroo1,ETH_TEST3,0.01
0x5d85ed666700150d9df60517c95ac460ea0f4f21,Jolly_Unicorn1,ETH_TEST3,0.01
0x1aff7d8640861d88298fb9d6eb9485d16e488512,Funny_Octopus1,ETH_TEST3,0.01
0x41ab5688962e65af4192f13f52640a83a23866de,Playful_Penguin1,ETH_TEST3,0.01
0x3f175fab55a2166b2257b57e9a7fbb0717d0b921,Kind_Giraffe1,ETH_TEST3,0.01
0x33bdb809fd098b9ffe5fc625cd450a03961b13b4,Sad_Tiger1,ETH_TEST3,0.01
0x179b828c50dd26380d39c4bff0ba198293570138,Bubbly_Dragon1,ETH_TEST3,0.01
0x3b306a60c35b41ed03187ab905b412751817a273,Zany_Unicorn1,ETH_TEST3,0.01
0x17ef720904025d7f2317ff609cda33691f9d5a62,Silly_Lion1,ETH_TEST3,0.01
0x6a351e0fab823808c50b2c9c99559b4f2f473260,Zany_Dolphin1,ETH_TEST3,0.01
0xd2779f6c6f19d83535bfa826999e3bdcd6413cae,Brave_Flamingo1,ETH_TEST3,0.01
0x5141b853ec3d614ad6075bb6ead2ec750849ac14,Playful_Flamingo1,ETH_TEST3,0.01
0xfa78aa5172701c9de86bdd95b63365c4340f7f64,Joyful_Flamingo1,ETH_TEST3,0.01
0x989b076aab76c754aeb3d94eb2c264de89416232,Zany_Panda1,ETH_TEST3,0.01
0x5b3b2fc1e4924a33c00351fe0caca85595c17e96,Spunky_Kangaroo1,ETH_TEST3,0.01
0xc0cbdba6d7c6800a5951b9d6e84ab8b1a5e7a783,Zany_Narwhal1,ETH_TEST3,0.01
0xa39204a3ba68f552f8af80557aacc458b18eda2e,Happy_Octopus1,ETH_TEST3,0.01
0x034d2680a13889ed0fdf2c728b6005f6f5102e46,Brave_Kangaroo1,ETH_TEST3,0.01
0x8187c5d0eb24214c5e5f9b3769805feb79dd297d,Happy_Panda1,ETH_TEST3,0.01
0x94d04e1edc7868a319a5abb4c8a2b1e47e22a649,Clever_Koala1,ETH_TEST3,0.01
0x73adc24c8795c7a42d3cdefcdc7e865c8d653bf9,Bubbly_Kangaroo1,ETH_TEST3,0.01
0x61ed7e30bd04dcf7ca0cd4f589415644b8bf7f53,Jolly_Elephant1,ETH_TEST3,0.01
0xc76d700a81d449036517623fa826decb10d45115,Cheery_Monkey1,ETH_TEST3,0.01
0x9cc454c4d1985170314c11e6e11beac163d04a01,Angry_Lion1,ETH_TEST3,0.01
0x2bfe45e72c1514fdca5524c9c6ecde19157985d7,Playful_Flamingo1,ETH_TEST3,0.01
0x3f8dd23592513d6c585d01999b0f4f8a0c092d67,Quirky_Dolphin1,ETH_TEST3,0.01
0xa8d01833ee4669ffdf39161bd6ec9685411b296a,Jolly_Koala1,ETH_TEST3,0.01
0xcb68624a38d11b676fde462b424b8a3d04960f82,Quirky_Kangaroo1,ETH_TEST3,0.01
0x3c90ca95a2ec3a577e63f34f71ef6fe983b14538,Spunky_Kangaroo1,ETH_TEST3,0.01
0x8a80b5f0b05a14d44f737b6977fd50d2eb8814e0,Lively_Narwhal1,ETH_TEST3,0.01
0x770995f08021ea6a653f055caefed341444431e6,Clever_Monkey1,ETH_TEST3,0.01
0x6883496038d7fdc00824f23cbae4d262b2f9c115,Caring_Octopus1,ETH_TEST3,0.01
0xf7bc197ae4b9d1528bdd0e64e989877f31c639f9,Zany_Octopus1,ETH_TEST3,0.01
0x8be03a6bc89b5040c3f11385b536eab3505a76c8,Caring_Giraffe1,ETH_TEST3,0.01
0xeedbf8881502be4b7f015bd7b5036e043e6dcd08,Spunky_Octopus1,ETH_TEST3,0.01
0x7a925f2f7f687367b3c2e39a04b38c595cd76f3e,Happy_Unicorn1,ETH_TEST3,0.01
0x926a7ee9606c798161dc203a671d2adc4cb318a6,Lively_Flamingo1,ETH_TEST3,0.01
0x9155724d6a53371e55d73f7076f8b19bbce97d9a,Sad_Monkey1,ETH_TEST3,0.01
0x59ea8da60545427b2ab9b1ebb2c4b9b6703c0b49,Jolly_Elephant1,ETH_TEST3,0.01
0xcc49cb3a52def74ebaaab3813e820ad7b6df073d,Silly_Koala1,ETH_TEST3,0.01
0x56ed34eb72324df3c9d1c836d28a4bf65cf2e439,Cheery_Octopus1,ETH_TEST3,0.01
0x391ca36654f8f13605bff51075d03d851732dc44,Joyful_Narwhal1,ETH_TEST3,0.01
0x330ed7b1d6343c8438808842d4bbd14a5d32b9f8,Happy_Koala1,ETH_TEST3,0.01
0xd805c0b5aae386097e41a88d2fa1a9c8b7984183,Angry_Unicorn1,ETH_TEST3,0.01
0x219962546790d8aec9592aa0b718b0b30772c1ae,Happy_Octopus1,ETH_TEST3,0.01
0xe9493b963d7cf7bb39a3cc18130ecba1d1a46517,Zany_Dolphin1,ETH_TEST3,0.01
0x7537b6fdd2d7f6a1feeb8c76128df62fda30aee3,Caring_Monkey1,ETH_TEST3,0.01
0xf4bfa4a61da20e6cb37cfdb4db117b0e261ccb88,Vibrant_Lion1,ETH_TEST3,0.01
0xd5e578668ad3b6edc04cac2b522048ca9d163a8a,Spunky_Koala1,ETH_TEST3,0.01
0x5873902c4112005a4797f951d52041b3c2761268,Bubbly_Penguin1,ETH_TEST3,0.01
0x91854e3f0de7393f76dae8e9d3f501f16ccbdf5f,Joyful_Kangaroo1,ETH_TEST3,0.01
0x9f618846ae901e4783755d90e37dcb2a672c52ab,Kind_Koala1,ETH_TEST3,0.01
0x56050126084ee792e4d5ac90669a0e2110f4d2d9,Playful_Dragon1,ETH_TEST3,0.01
0x75151a283dde206cefdf927f991a3942a1d44951,Cheery_Penguin1,ETH_TEST3,0.01
0x93105262fb4615b50f14f5438035cb7f55044b92,Happy_Sloth1,ETH_TEST3,0.01
0x66cf67ce5cea74d8a92ea930c0da08f5c72acd15,Vibrant_Lion1,ETH_TEST3,0.01
0xa7b6fdd54cf694acd8489b3dd09f127b94c6d06e,Witty_Unicorn1,ETH_TEST3,0.01
0xf78af07cf2fd7c326add4ceb5ae482b1cccf1138,Playful_Dragon1,ETH_TEST3,0.01
0xd25c4855cb8eb0f8aa111571a77be1f6d5cb9f93,Lively_Sloth1,ETH_TEST3,0.01
0xd0e9f9287f30afe9da54c170e4fce95489034a2b,Brave_Elephant1,ETH_TEST3,0.01
0xa9b51a3ba08521734144c195a10620a3eef7fea0,Caring_Dragon1,ETH_TEST3,0.01
0xe362b0b0af186016d921c643cbe1ac917b176688,Brave_Penguin1,ETH_TEST3,0.01
0x04388e74981564d2851b08b3a41742f61c9d23aa,Sad_Flamingo1,ETH_TEST3,0.01
0x9f567daaca7da314b673b08978029d690dfaa4d2,Quirky_Panda1,ETH_TEST3,0.01
0x20aeb4f5bda06c23da2ff7fabe479b475c1aba6c,Vibrant_Dolphin1,ETH_TEST3,0.01
0xe400b0f8b395ae3db8d46e37836271396b37c21e,Vibrant_Monkey1,ETH_TEST3,0.01
0xaf4844101c5bba287e5d012a7c6134729d26997b,Quirky_Narwhal1,ETH_TEST3,0.01
0xcd4db42896d1ddff75479d0c2fe2841fdab24524,Quirky_Dragon1,ETH_TEST3,0.01
0x3288f7e8af6f0f21dd5f13c7ef6107f7bea64fbb,Cheery_Panda1,ETH_TEST3,0.01
0x4da86fc69cb01717dd8f05f937c18476ef7d61e1,Silly_Elephant1,ETH_TEST3,0.01
0x60990a7bec7f78f9e132c1bec0304c8ff324523c,Happy_Tiger1,ETH_TEST3,0.01
0xf406955fa14dbd204d6c5a912697e192b3962f18,Lively_Tiger1,ETH_TEST3,0.01
0xec26485d200c43507c0a6a61babc12cab76f8e7e,Witty_Penguin1,ETH_TEST3,0.01
0xb075e805d5d786b8bb503338ab4df267f3ffde83,Joyful_Lion1,ETH_TEST3,0.01
0xa1a224d4180fc746767ef3fb1821bf770e84176d,Vibrant_Dragon1,ETH_TEST3,0.01
0x572920d06bad435828a97dd22c4738348681a413,Witty_Tiger1,ETH_TEST3,0.01
0xc98b1dac30f3a624dc3dfbbc71bd45f74d7c8dea,Quirky_Penguin1,ETH_TEST3,0.01
0xe3217ee05f72b3efed6f92cb852bce0e8faf9c32,Kind_Kangaroo1,ETH_TEST3,0.01
0x8098d0735301acfcbe328a230953830ab06a6f68,Funny_Giraffe1,ETH_TEST3,0.01
0x71b6bd57535f31a27db3c26d443d48299d129444,Sad_Narwhal1,ETH_TEST3,0.01
0x211d976e5c19194848c77e8a35f80efdcc8f1874,Quirky_Penguin1,ETH_TEST3,0.01
0x90a00c15aa86c373be5521de9a35b2454f8a26b0,Silly_Panda1,ETH_TEST3,0.01
0xfb3c1ca2f6aa91f6f5de262da45580b53b913795,Caring_Koala1,ETH_TEST3,0.01
0xc07a9cc878a3cd0cb36313e267c370fa925f8314,Lively_Dragon1,ETH_TEST3,0.01
0x7e3218dee9280520b20930b523836fc7e9f45a2a,Jolly_Penguin1,ETH_TEST3,0.01
0x0a5388c5f3a7f4f146e066a00ff7a7329fe33176,Cheery_Panda1,ETH_TEST3,0.01
0x4e26e601ba4346fc759b94dbd868888b674fdde9,Brave_Flamingo1,ETH_TEST3,0.01
0x106420c6b38bd219d75b186f688d6ed1112cb609,Zany_Giraffe1,ETH_TEST3,0.01
0x8443ee241d7f2ffaeb6f387e485162afc11421d5,Joyful_Kangaroo1,ETH_TEST3,0.01
0xf0bd431de5315c7e829e0f97f6215afbc2fb8b44,Playful_Dolphin1,ETH_TEST3,0.01
0xfa2c7d929d040d658e6df1c5df72a96cc36d6e47,Sad_Giraffe1,ETH_TEST3,0.01
0x87a1b83a2087e22e93a00f148d56dbe549583736,Vibrant_Giraffe1,ETH_TEST3,0.01
0xf724b8926b5a02d5e9426b1f7add660646ad1d08,Witty_Monkey1,ETH_TEST3,0.01
0x7190d89254a2b21b3fa56de908cc552b4e8cc578,Silly_Tiger1,ETH_TEST3,0.01
0x55ab0f3bca65f46d5949fc1db53560514fb8bd03,Clever_Narwhal1,ETH_TEST3,0.01
0xf781c2be759bbb9f1c78d15b411533532b3b1fc3,Sad_Elephant1,ETH_TEST3,0.01
0xd90a33098aa93165dc796ad5070419c89494db7e,Bubbly_Tiger1,ETH_TEST3,0.01
0x10d7c8ebe4f272acf476e227aad3240095f10d69,Clever_Narwhal1,ETH_TEST3,0.01
0xf2f22d6a5d79065e91055ee3670f244bb77efa54,Sad_Panda1,ETH_TEST3,0.01
0x11a4cf3a93bf4c040f023d56fbccdb08313e841d,Lively_Sloth1,ETH_TEST3,0.01
0xf0162d65487e98de7e993283470fe2081d31f503,Joyful_Unicorn1,ETH_TEST3,0.01
0xeb71782c148980fe42dafa2e284196913577c161,Kind_Unicorn1,ETH_TEST3,0.01
0x3c62be8a20c7c6118b2a75e5fce789e0acf78a5d,Clever_Penguin1,ETH_TEST3,0.01
0x5e681e8a8db02489e182289ae6d557bfaf460e47,Lively_Dolphin1,ETH_TEST3,0.01
0xb26e129cd02c3b225ba71af25af4c345967308be,Kind_Lion1,ETH_TEST3,0.01
0x9e2b0455b90e30d2639168d716b2bcf7287db64f,Sad_Elephant1,ETH_TEST3,0.01
0xc21c6dc5d6d6c440f024a70a582c5114dc85500d,Lively_Dolphin1,ETH_TEST3,0.01
0x1fef531fb0a503be502e7798572b705dde5dcbe5,Vibrant_Flamingo1,ETH_TEST3,0.01
0x3d4282008b38f8e0f1fe192134349840848f953f,Spunky_Sloth1,ETH_TEST3,0.01
0x217fa9cd88fceaaf18d687bbe0da3feb607d8019,Lively_Monkey1,ETH_TEST3,0.01
0x24dbab1cc637f3a86cc6edd640dc8b202d48df79,Cheery_Flamingo1,ETH_TEST3,0.01
0x33143d9e5746c666253b942e836f61a6ad5be76b,Silly_Tiger1,ETH_TEST3,0.01
0xa2572bf898b131a5e0ec4467276fa8d69edd9ad5,Sad_Tiger1,ETH_TEST3,0.01
0x5b3391ab2815685885a1e081823d566331d50a99,Zany_Panda1,ETH_TEST3,0.01
0x18a1b4710dd8fb172fa5a3e401be0592af649cec,Jolly_Kangaroo1,ETH_TEST3,0.01
0x34e9fdc47da6392248023a01b7d0065823fbfb6e,Lively_Elephant1,ETH_TEST3,0.01
0x5c418286f6da0e625a756e22dba9770eb6d27668,Funny_Kangaroo1,ETH_TEST3,0.01
0x53be59d6cb41d8d148658770bf62ed077c819a9c,Brave_Flamingo1,ETH_TEST3,0.01
0x5ff7ae20d88b263d453266947d886472083c22d1,Kind_Narwhal1,ETH_TEST3,0.01
0xf3d2732ebf2655b530ebe1989e0e7ebf0db4c91a,Angry_Giraffe1,ETH_TEST3,0.01
0x7d3b20ff4bfb0b24520d0622bc5a221f76143e6e,Jolly_Unicorn1,ETH_TEST3,0.01
0xecf45741339970b6b60cfd920aa8919bae3fc1d0,Spunky_Octopus1,ETH_TEST3,0.01
0x0169ffc28d8bbfb1354201d4364a893c73463771,Caring_Dolphin1,ETH_TEST3,0.01
0xcbbc774b5c0351a0bca3fd72b311be2a5cb818a8,Happy_Dolphin1,ETH_TEST3,0.01
0x596a5e35e277e8f22c2267b682117cb7889281d1,Lively_Lion1,ETH_TEST3,0.01
0x1ea7b96d7bfd5b72c91ba4a5b4384492ce274ebe,Quirky_Kangaroo1,ETH_TEST3,0.01
0x3b7b3af1c571d949495b9f8bd0fb53bd263aa863,Joyful_Flamingo1,ETH_TEST3,0.01
0xed9ecf95fa103ca887137082f58186a3c7cffefd,Brave_Dolphin1,ETH_TEST3,0.01
0x96ba2918448e291e113a8bcb879689a524cd0e8d,Playful_Octopus1,ETH_TEST3,0.01
0x1ac897286e8e77f076974e4b04511ebbb323a9a3,Cheery_Octopus1,ETH_TEST3,0.01
0x68c7ed26349991f051f59fa21f8eab268bb66d1f,Witty_Giraffe1,ETH_TEST3,0.01
0xc30d3dcdd36a7421fe789cb034a1657050be8e14,Playful_Sloth1,ETH_TEST3,0.01
0xdc8cdd06a43e71b548c6a2d9c42c0a4a9de67321,Bubbly_Dragon1,ETH_TEST3,0.01
0xbbed04aa6ac6cc1a3e0f6a2f32c882bf2859560c,Spunky_Elephant1,ETH_TEST3,0.01
0x23c1db28cf88ca90c66a8dd2a973c46a9a154904,Caring_Giraffe1,ETH_TEST3,0.01
0x6c4037d5a17b22d2fbdae9932b65d5a6d12c7ac0,Clever_Kangaroo1,ETH_TEST3,0.01
0x3abff19b91c06577dbd434b69506d230469325d6,Happy_Kangaroo1,ETH_TEST3,0.01
0x65318f0767650d4f58ce2d45e8e0b5f937614423,Bubbly_Flamingo1,ETH_TEST3,0.01
0x6b5a76dffef04ffe2c0d4c8ad638be3e934a6ab2,Angry_Kangaroo1,ETH_TEST3,0.01
0xf047344d824629087fa57eb6c88160b9d0151eca,Zany_Monkey1,ETH_TEST3,0.01
0x0b44e0971550ca0254be034744497e23d7e06d53,Happy_Penguin1,ETH_TEST3,0.01
0x9465f32f5793a76a875a946da974177c3c66ce48,Caring_Monkey1,ETH_TEST3,0.01
0x017dffc7d560ffae1d566368778a9a34e510baf0,Vibrant_Giraffe1,ETH_TEST3,0.01
0xea8697daff2fefd8247d3e50a1da5791bc5b4aea,Spunky_Giraffe1,ETH_TEST3,0.01
0x417c4331ce78ae7c145e48282e0f49645ac9abcd,Zany_Lion1,ETH_TEST3,0.01
0x372443d3bc5ceda6bd682ea026ce2b2e48b7a25a,Funny_Octopus1,ETH_TEST3,0.01
0x588c06a5a00ceb7c9ea55610ca4d17ef2a9efd73,Clever_Octopus1,ETH_TEST3,0.01
0x2913ff26f855b84afab0052f54fc3d14900abd92,Joyful_Monkey1,ETH_TEST3,0.01
0xe382a6a02cfefd2daa8b900d2eb5f9239dc05df6,Happy_Lion1,ETH_TEST3,0.01
0xa5e66ce02c083597935f1b376efbb8d882ab0ae7,Kind_Dolphin1,ETH_TEST3,0.01
0xc22638cf0c9ff1622b722c7dc8015ef8b96b9e00,Playful_Narwhal1,ETH_TEST3,0.01
0x41f70678dc1f787d47c4739729b303d80764ffd3,Brave_Tiger1,ETH_TEST3,0.01
0x8a51ebbba71e118fec7b53542bd4a9e88567af7b,Angry_Giraffe1,ETH_TEST3,0.01
0x0ba01b853170514e52536f0f2096bd2904447a20,Silly_Sloth1,ETH_TEST3,0.01
0x48e50aeeaccc56a1c6c8026d2ff90937fa631afc,Kind_Sloth1,ETH_TEST3,0.01
0xf60b871ce2e0d9718df3fd98daa1ff8b89ab3be7,Sad_Kangaroo1,ETH_TEST3,0.01
0xa7fc0f734a52bd34a966529ae50e063113541008,Cheery_Giraffe1,ETH_TEST3,0.01
0xda9da3d58159be6715507cd1f305f6795a6eb152,Quirky_Kangaroo1,ETH_TEST3,0.01
0xfec10f27de02dd3ebc298fee81d9ada542968532,Clever_Unicorn1,ETH_TEST3,0.01
0x49caf4e4306bba7d2a635e1d87895db5464a674d,Quirky_Dolphin1,ETH_TEST3,0.01
0xad004cb6fb0bd72abc6509c32a7676ba3c6e46f9,Angry_Kangaroo1,ETH_TEST3,0.01
0xeb23090c2edb6c1a1002478c03a98d1c89af8f88,Kind_Koala1,ETH_TEST3,0.01
0x01f040f905a2f74786328736eabea569d5781950,Lively_Dolphin1,ETH_TEST3,0.01
0x028dfe0936a2d77d558a06e1269a80fd8cd3674f,Happy_Flamingo1,ETH_TEST3,0.01
0x56011389c136032a134c322104cd55c0f4fd8b17,Clever_Tiger1,ETH_TEST3,0.01
0xd8106372e8ce6589d93fb8142ccff17694a4e297,Funny_Giraffe1,ETH_TEST3,0.01
0x6b62daf336b1fd70f6a3c27f91799161b10a3abb,Brave_Giraffe1,ETH_TEST3,0.01
0xa8247348c9985584b9e003a756e7afbb7d6653f4,Quirky_Sloth1,ETH_TEST3,0.01
0xbfe8da8eb057f159b33c36a9e153cf4c7760dda1,Clever_Giraffe1,ETH_TEST3,0.01
0x02b377e6382cfb42e1db4ff6389e7311bde13bf4,Vibrant_Kangaroo1,ETH_TEST3,0.01
0x22b7ebb2d64fede40452883c0eed1011456b451f,Cheery_Sloth1,ETH_TEST3,0.01
0xd1b395110ff8f9f56c191bf45db17c0263992c0f,Happy_Kangaroo1,ETH_TEST3,0.01
0x9391624a450f64d6aad8506cdfe1a13880df2f77,Jolly_Dolphin1,ETH_TEST3,0.01
0x47e4e7131108cbebb3413d15556b7fc387cef5a8,Joyful_Sloth1,ETH_TEST3,0.01
0xfd7080e4ba45aab4880d9318faba9ab7d4f77613,Silly_Giraffe1,ETH_TEST3,0.01
0xd773cc57c92ea3d5b68d3b35f5d1d18050254338,Zany_Panda1,ETH_TEST3,0.01
0x96c88548a336aedc3a435cfd17ef9055c1d49735,Jolly_Kangaroo1,ETH_TEST3,0.01
0x0193fb1f59b12ded2f0c7223e9ae43bd83aa9ffa,Angry_Elephant1,ETH_TEST3,0.01
0xb25991b6d9cf84608c4a9e725aa36081c223254a,Kind_Koala1,ETH_TEST3,0.01
0xf0d70e922445f0dd417b3775a78871a86278cc02,Brave_Dolphin1,ETH_TEST3,0.01
0xf88dff87ff135e8b79d4c05767da2fb7778647fd,Funny_Octopus1,ETH_TEST3,0.01
0xc2b58252be6dfc0b8aacda40d05b8bfe7e841e9a,Clever_Giraffe1,ETH_TEST3,0.01
0x8c21e6767a36ae2ec40f2feab962468f5b538f26,Sad_Dolphin1,ETH_TEST3,0.01
0xcfaea3bc228c801934268f42d3cf626fd80a40e1,Sad_Sloth1,ETH_TEST3,0.01
0xfd1943293a2717114c8fe4e46ba08732c2dd68e7,Zany_Penguin1,ETH_TEST3,0.01
0x83d77c63c65c3c272f5b8a6c3bdf663a53b299af,Sad_Sloth1,ETH_TEST3,0.01
0x47d2ba1ea995d9b45095aa67723007d41a1d68d3,Happy_Dragon1,ETH_TEST3,0.01
0x3ed18179348879f1a92fd84faf43b274a82b77d2,Funny_Octopus1,ETH_TEST3,0.01
0x74d26880c201757006b73da4ad8ab5950f0b8c76,Jolly_Panda1,ETH_TEST3,0.01
0x901e18fda37fcf41142d7437e5e12616e71344b8,Quirky_Sloth1,ETH_TEST3,0.01
0x9de7559a13b4f312716551915fc70237c5d29a73,Funny_Dolphin1,ETH_TEST3,0.01
0x90ea92ee666166657a199cde8f0a9e4656be8c5d,Spunky_Narwhal1,ETH_TEST3,0.01
0x7bfa858cf20ee3cd98208110cf088f3f9fb6ce0d,Cheery_Koala1,ETH_TEST3,0.01
0xdfa7b0f84f71eaa54e0e70742d0cd47efdc9a1de,Witty_Unicorn1,ETH_TEST3,0.01
0xa1210877e2fa05056149f8fe7877d0f2a268d3b8,Jolly_Koala1,ETH_TEST3,0.01
0x01aa916b004901df9e157ff17f28919c5c60544c,Kind_Panda1,ETH_TEST3,0.01
0xca298e84488ef906d7045529c93e6dc9071d325b,Angry_Unicorn1,ETH_TEST3,0.01
0x27c26494e42a0e145eaa5752dfc64dacfec21f1c,Jolly_Penguin1,ETH_TEST3,0.01
0x8c9e37d3305e2c52555badbdd7a0213c02393ff3,Bubbly_Penguin1,ETH_TEST3,0.01
0xfc35dc07ab3566f3cbb7940d9118daf8d17303f3,Witty_Tiger1,ETH_TEST3,0.01
0x6ec582c06d4758aff0a529d600909bc187491cb6,Brave_Octopus1,ETH_TEST3,0.01
0x115caaebe371952eab4fb01b582457453206a2ae,Silly_Penguin1,ETH_TEST3,0.01
0xf6be44413f4c0f1a6bae4f76b00ef42386cc82a6,Cheery_Unicorn1,ETH_TEST3,0.01
0xe5572c8ec7e5d5de58b6f791e21c03e4ab8495bd,Caring_Panda1,ETH_TEST3,0.01
0xc01a4bb43ba636874a2709accdaf0f3a0f07b9f9,Brave_Flamingo1,ETH_TEST3,0.01
0xfbe9f0e9ebeaf073fd8fdb99db1ed11024c04182,Spunky_Elephant1,ETH_TEST3,0.01
0x2e4f1d50d3e790141f16b7e0b0c92d9cb62a5ae4,Funny_Elephant1,ETH_TEST3,0.01
0x8625b404ddc2565248d5a1001b7db261b01cf717,Cheery_Sloth1,ETH_TEST3,0.01
0x8fc469d63e1c8dd51792e6fffef09b5ce887674f,Lively_Tiger1,ETH_TEST3,0.01
0xa78509227a310e4280a3025e5a9095daaa20719b,Bubbly_Penguin1,ETH_TEST3,0.01
0x65f942331a40f2e2b061576d9474f724d6727977,Zany_Panda1,ETH_TEST3,0.01
0x8c60bd9584ad4de12e5ce2d526f8ac7537711a01,Happy_Unicorn1,ETH_TEST3,0.01
0xded855d9817ff17975ea0a638f8fbea034acce65,Playful_Lion1,ETH_TEST3,0.01
0xa60b5432efdc9ac4d1727b47ebbfa4da83549d0e,Playful_Narwhal1,ETH_TEST3,0.01
0x7f832cc6dd1ab71d2ac68435f67c5048fb11e825,Bubbly_Tiger1,ETH_TEST3,0.01
0xbcba5fcd3879234f03428b6286f39e605975c203,Caring_Octopus1,ETH_TEST3,0.01
0x22ac304e3bee5108a1f94478aedf39b65e3985e4,Happy_Narwhal1,ETH_TEST3,0.01
0x7fc5b544621d8c4c77823a12fb4f83dd0b053e98,Brave_Monkey1,ETH_TEST3,0.01
0x33e516e96267ae8d8ea8212a554ddb2cc2a51316,Witty_Penguin1,ETH_TEST3,0.01
0x13d51ca899074bd9c99e18bf2bfd3b2e381b764c,Sad_Elephant1,ETH_TEST3,0.01
0x3e78225b7948bf6a6788337978865e8244c8b2bf,Bubbly_Panda1,ETH_TEST3,0.01
0x1985beb8a0010d08d2633af426f9c897cf805c3d,Witty_Giraffe1,ETH_TEST3,0.01
0xfa3cde08741491e257456fccc7766bc72655c8fe,Cheery_Giraffe1,ETH_TEST3,0.01
0x7f0d6ef0d3384059d9e6e98ca685201d8fbe8e78,Silly_Giraffe1,ETH_TEST3,0.01
0xd347ec15705c5155f1b4d17e706ceb175779c839,Clever_Elephant1,ETH_TEST3,0.01
0xe2b4b6662c7402422be5ad9453331db6cc0e6a9a,Kind_Monkey1,ETH_TEST3,0.01
0xf42693242c3e72e2f9564d95ad552b5481f456e7,Sad_Sloth1,ETH_TEST3,0.01
0x67f6270381bc44c4336af8e6df9907f610c68e6a,Clever_Tiger1,ETH_TEST3,0.01
0x4729113c2490330ca21f239f09f3d2b74d2813f1,Spunky_Giraffe1,ETH_TEST3,0.01
0x763067098ae42672f95c5ccde627180ff3df3c92,Vibrant_Panda1,ETH_TEST3,0.01
0x44fc19dc168a1d1db2616fb096e680fd957c0ea8,Joyful_Unicorn1,ETH_TEST3,0.01
0x1d6e5bbfed3cb8a6ddf5e176915015c8901a6d1f,Angry_Lion1,ETH_TEST3,0.01
0x5999e4eca1ae87cd7af67a38558f97de3914f891,Spunky_Panda1,ETH_TEST3,0.01
0xcbabdec4b1da9938aaae3c5daebd1d8efe2c61c0,Happy_Penguin1,ETH_TEST3,0.01
0x1fe046805b58ee2b64a16bd26231365b8a5c9875,Clever_Monkey1,ETH_TEST3,0.01
0x8506c3979f9105bc720797e58fcbeb23615c232d,Zany_Flamingo1,ETH_TEST3,0.01
0x62bcad6c31259682106f477e59738d1b7d7c0e90,Kind_Lion1,ETH_TEST3,0.01
0x7321655070e226d1351c4ef53179e4c1db69b4c9,Brave_Kangaroo1,ETH_TEST3,0.01
0x35edc7dcbe6eeff7ba3075e675315ffe45848333,Playful_Dragon1,ETH_TEST3,0.01
0xf3c3fab5018164a38ca1b11a7df39bfab9ef68f1,Happy_Panda1,ETH_TEST3,0.01
0x515be5f882adfa23f4e89117c99e1005f98bf6e9,Quirky_Penguin1,ETH_TEST3,0.01
0x6f4c51006acb45a583adb5dc6715c1bf7defc5e0,Angry_Penguin1,ETH_TEST3,0.01
0x78631d2173e1333449f381e0237e37eca5fa4f67,Vibrant_Narwhal1,ETH_TEST3,0.01
0x11b4667fe9b88e43965a60919a68bc68023d7b39,Kind_Monkey1,ETH_TEST3,0.01
0x0294150ddb0c84fbd98d242cbfbda82d9f0d937f,Lively_Octopus1,ETH_TEST3,0.01
0x18126b8f66daacdbcec5e97d142bbfd122feef49,Angry_Octopus1,ETH_TEST3,0.01
0x4b8a6caa2e1ecdf87c8713cee2b46f5feca1a68f,Clever_Lion1,ETH_TEST3,0.01
0xecd06f7fe031f960953d46997130a30e15c38c6f,Funny_Sloth1,ETH_TEST3,0.01
0xf8fbf150ba57af47d4a936069a9456608acd8254,Jolly_Panda1,ETH_TEST3,0.01
0x1a0cea663df0d01edf683d1398a4b391cc97731a,Kind_Panda1,ETH_TEST3,0.01
0x1780a63bca3d45d0eb9d528631d79bad73d1b9a7,Kind_Lion1,ETH_TEST3,0.01
0xb58b5621672c6f18c75875343c8fa050f1a082f6,Jolly_Penguin1,ETH_TEST3,0.01
0x0c764d8e52dd6f4ecaba8d8aa6828da541a12fdb,Quirky_Unicorn1,ETH_TEST3,0.01
0xb4177860a821849344c98f9d51eedc65f28d2933,Clever_Panda1,ETH_TEST3,0.01
0x32448d8d0ce126c8c831a5f514418e84a59667ee,Sad_Lion1,ETH_TEST3,0.01
0x5f5ecb7733cf444af819da2d5d2923734f9d86f2,Clever_Elephant1,ETH_TEST3,0.01
0x7264ec48819197aadbf3edd594b7932ede8b337b,Spunky_Koala1,ETH_TEST3,0.01
0xeab0f521f25e3e4fc2cd44d2491fea42e77628f2,Playful_Giraffe1,ETH_TEST3,0.01
0xd612c03e0d97d57edd9835e61beafd422ebb0315,Brave_Dragon1,ETH_TEST3,0.01
0x2b5ff016c48c29857cbada0134234e15fd2d0ac6,Funny_Monkey1,ETH_TEST3,0.01
0x777a35b8d48039004d6b604648082f0fa88aeee9,Silly_Unicorn1,ETH_TEST3,0.01
0xc258bf04a7cb9c49470e6cdf39435856a206ea0c,Zany_Octopus1,ETH_TEST3,0.01
0xa5bbf1b36fa0c87178f9d7cf25f9fbd47ba3cba5,Angry_Penguin1,ETH_TEST3,0.01
0xcfb66f0fd6c242814b3561cd4f3ecff7b2eaff08,Jolly_Penguin1,ETH_TEST3,0.01
0xeadee8101f7b489088a25135daa1d3661a77ca3b,Playful_Panda1,ETH_TEST3,0.01
0xb743e00964e2beef8cace70913264841632dac0a,Playful_Monkey1,ETH_TEST3,0.01
0x6896d54b898f9d430bc3c65ce7ebb5db7b04cf2b,Vibrant_Narwhal1,ETH_TEST3,0.01
0xd25191aebfaa7a68d364f0a0ff8e5ed8c473c369,Cheery_Tiger1,ETH_TEST3,0.01
0xa23876f07fa7ca81f45fcd13b724b36135ce1faf,Brave_Elephant1,ETH_TEST3,0.01
0xc3df0e7ba4091caa0eccf31f7b6df1eedaa396c9,Zany_Koala1,ETH_TEST3,0.01
0x8f10064117c04ea6f3a475253fe3d85179905281,Vibrant_Octopus1,ETH_TEST3,0.01
0x59469799e108fd7c8ad8bb9561895d8cb6d69898,Zany_Tiger1,ETH_TEST3,0.01
0xf684d9d09d0c942bfc303b9a9c71b384081bb815,Happy_Dolphin1,ETH_TEST3,0.01
0xa730588ac0f847271139f8def1001665a01402ee,Brave_Panda1,ETH_TEST3,0.01
0x59aa84778e183c532e5725e62b42a0acff421b1d,Funny_Narwhal1,ETH_TEST3,0.01
0xa36631465564bf9d96507f614641295d35aae58d,Funny_Panda1,ETH_TEST3,0.01
0x11f1c234546ec0aeea3a85add5ed36e628a1f8a0,Playful_Dolphin1,ETH_TEST3,0.01
0x25a2fb9f1953cc8061a93923a474ec5572c4f53a,Happy_Lion1,ETH_TEST3,0.01
0xcee9d84634df36f376971851eef230e6a0865ec8,Lively_Penguin1,ETH_TEST3,0.01
0x2bc62e018555f462e575dbfadf469bb10aff64a0,Lively_Tiger1,ETH_TEST3,0.01
0x93b79ea797dc591cec20ce7a3f1f21a4288b08ce,Happy_Panda1,ETH_TEST3,0.01
0x679a7e95bef726d2795fafa596cb11c7f517233f,Cheery_Panda1,ETH_TEST3,0.01
0xe1e04d369a33a2096d157bf069335bd3663e7daa,Sad_Narwhal1,ETH_TEST3,0.01
0x43d68abd04902417790459d889698a1c63259c5a,Angry_Sloth1,ETH_TEST3,0.01
0x8c557502fd64bede620c20638c2d243f45f819cb,Spunky_Dolphin1,ETH_TEST3,0.01
0x4d5893efbe68faa9edd136b53f5cd135465caa41,Zany_Narwhal1,ETH_TEST3,0.01
0x5aabfec8938af01fb1aae9dc70690629400c3e83,Playful_Narwhal1,ETH_TEST3,0.01
0x5be0471a9d9230f5a00bbb789d17618478cf0251,Happy_Elephant1,ETH_TEST3,0.01
0x1ec44e0032adaec56aa325abe04c7181dbc0ddfc,Bubbly_Panda1,ETH_TEST3,0.01
0xf859fba50f404e5fc24155bbaf2f5c21b70d378c,Cheery_Koala1,ETH_TEST3,0.01
0xe3bbec876bc815135189012d70380cf8c87b94d6,Happy_Unicorn1,ETH_TEST3,0.01
0x2bdd6dd99b0ea3922789d701e34e7720a9048978,Silly_Dragon1,ETH_TEST3,0.01
0x721b48305143b9ee7ecc16a97e1d764e81d9c453,Silly_Kangaroo1,ETH_TEST3,0.01
0x93bec7a5b48b8e7bec4c10dd3b63d9a9867a42e2,Jolly_Octopus1,ETH_TEST3,0.01
0x830e3cd6bc09cfb3496420b37b902a6b2e375f47,Joyful_Tiger1,ETH_TEST3,0.01
0x917e904207e7dd46878db259a6b6c655b27f184b,Kind_Giraffe1,ETH_TEST3,0.01
0x6e5199ecf6d4eef7bac758307ac10d5664f077e9,Bubbly_Narwhal1,ETH_TEST3,0.01
0xb7d74094535ac7204b2209fd6bed1c5b00687489,Bubbly_Penguin1,ETH_TEST3,0.01
0xdedd52c8ee883dedae79374ce4418af2d90987ab,Lively_Elephant1,ETH_TEST3,0.01
0x948eeff3667950cb1f3262aa45f86afb1a034832,Angry_Unicorn1,ETH_TEST3,0.01
0xb3646bd66266127f4dd6e46b5c989537a338d018,Bubbly_Lion1,ETH_TEST3,0.01
0x6ca3d19e5f458b976c56e5e38bc7aece5b09986a,Witty_Octopus1,ETH_TEST3,0.01
0x79bdce94f6d8e9a1dd530826858f3e7db2c562aa,Vibrant_Dolphin1,ETH_TEST3,0.01
0xacd336283dfbbdf6ee05a50a885880553ad46e06,Sad_Elephant1,ETH_TEST3,0.01
0x067ca463cf1c365bb52f8a51aabc64257d8f02a7,Clever_Dragon1,ETH_TEST3,0.01
0x411a2aba5c06f079ace75fa405d382a47306b431,Witty_Unicorn1,ETH_TEST3,0.01
0x8b4d40e451a666448b4060cd48aa78e88fec4c7d,Kind_Elephant1,ETH_TEST3,0.01
0x494b7780904a0f7446160807d78098d73e408363,Happy_Dragon1,ETH_TEST3,0.01
0x15b141fdeeefaf769b05dcd13a6cac5dd2a8a335,Brave_Flamingo1,ETH_TEST3,0.01
0x9a1b49932df0f2952dfa6a67de4cbd7aecc526ae,Brave_Tiger1,ETH_TEST3,0.01
0xff1aef13b3e3f4d259090b66a1e53c9adf24c98a,Zany_Flamingo1,ETH_TEST3,0.01
0x520f41a0a7201d05e8934b2a07998879096fa1a0,Quirky_Penguin1,ETH_TEST3,0.01
0x7572b851f00cba880adf2d2764455353923647c0,Clever_Kangaroo1,ETH_TEST3,0.01
0x29b803d57b48afd0b36883f400016237e0c64512,Angry_Lion1,ETH_TEST3,0.01
0x66f184d75ffcc56d54059d607bbc1bfe36a526d5,Kind_Penguin1,ETH_TEST3,0.01
0xf6026cefaea2960b4f60b5889706cb470168d98c,Spunky_Giraffe1,ETH_TEST3,0.01
0x772c160deac80cd3dcaef29dfa0449441268c374,Witty_Giraffe1,ETH_TEST3,0.01
0x2597095cc54803de1c6e7d80751332b6be7b63bc,Kind_Elephant1,ETH_TEST3,0.01
0xede0221a98c3853a545aff4acfe9db9132f9602a,Spunky_Koala1,ETH_TEST3,0.01
0x17095ec121958990d3ddea797ee49716fd447396,Silly_Giraffe1,ETH_TEST3,0.01
0x2760cb21af0c3667cebde8a82215d9342e93845a,Sad_Panda1,ETH_TEST3,0.01
0xe7ed4007afe2150244c952f4f4b80246afb0cecb,Silly_Giraffe1,ETH_TEST3,0.01
0xa708e84f22299ef1a2961de04893efcc30f6477e,Witty_Dragon1,ETH_TEST3,0.01
0xbdbac5ec07b8c270039fa8b4bc65268ac5d0b56f,Caring_Monkey1,ETH_TEST3,0.01
0xc47577435bc1ac896a7158487b2a1b174cc324bc,Jolly_Lion1,ETH_TEST3,0.01
0x9aa4ecf72ef0eb120e97d3397e1ca20c1349bc3c,Sad_Kangaroo1,ETH_TEST3,0.01
0x316c8d0f7156b993c96462f66e972170f6f5504f,Clever_Koala1,ETH_TEST3,0.01
0x658a71e246b3706254b36eca1871ace66b54a4d6,Funny_Narwhal1,ETH_TEST3,0.01
0xce07022a9e2a88442a37e5c033c9aca9c5fe77c2,Clever_Sloth1,ETH_TEST3,0.01
0xe3c517ad6c3d39095a1bba6f4f7719cf601226c5,Jolly_Lion1,ETH_TEST3,0.01
0xa7c30e532ba383b5ec31cd5f9bc7bfc7508c801e,Playful_Koala1,ETH_TEST3,0.01
0xd1b43abcb41cd3bc99644b5850bbb2d04462955f,Spunky_Penguin1,ETH_TEST3,0.01
0x53e289da1c001a5065d6b00277ec4e6ba3994a67,Lively_Unicorn1,ETH_TEST3,0.01
0xeadc05edea44d78dcf3c3f0af257fff9adbdcf3f,Clever_Octopus1,ETH_TEST3,0.01
0xee5d8287009e7bba59a1443b27d562d2317eeff4,Angry_Tiger1,ETH_TEST3,0.01
0x6c5fbd91d6ec1f4ce278e6c18e6df1e453710aec,Clever_Giraffe1,ETH_TEST3,0.01
0x3d72754913797baec8b749575f604ca1775dc81e,Joyful_Dragon1,ETH_TEST3,0.01
0x07c5ce518a77aea296d1b10e1a21a30f29f8eec1,Silly_Dolphin1,ETH_TEST3,0.01
0xbe45035a803285c856c91b543a7c660eef3a99f1,Zany_Sloth1,ETH_TEST3,0.01
0x52ebb8a25bd88b3454dcb27ab98c5dd8e4834ecb,Funny_Tiger1,ETH_TEST3,0.01
0x9e79eac8a1d4cfe633825d6445ffdcc4b48ee74e,Silly_Dolphin1,ETH_TEST3,0.01
0xba639347bc8ae0895309a94f1d421447ec57ff3d,Witty_Sloth1,ETH_TEST3,0.01
0x0a4397afecc907e6d9ef4983ef486d0b4b3dd6c1,Jolly_Tiger1,ETH_TEST3,0.01
0x2817920774d88679c9c63521ed6f99e5d1f7a68d,Brave_Dragon1,ETH_TEST3,0.01
0xe94370f0b5c971d0b9c82964199c4d2cdb676d77,Caring_Elephant1,ETH_TEST3,0.01
0x2c4bbc2352d38ca387a09e788a80e3c95f82ea51,Vibrant_Sloth1,ETH_TEST3,0.01
0x21dc4ee2c4cb3d0e0a469bcbaea68a92bec8b1c1,Quirky_Koala1,ETH_TEST3,0.01
0xf46a3c6fee5a7cee4c1be0282d0c8346d46e196b,Silly_Narwhal1,ETH_TEST3,0.01
0x3f47f7c5ddd7917f06aa228baea37541348cf5a5,Playful_Narwhal1,ETH_TEST3,0.01
0xe3fe5f004f9642c07ba71760e17d9db7a91804ba,Spunky_Lion1,ETH_TEST3,0.01
0x335e4d106a00b9f95c60b589f999c6fcda9bdbb5,Vibrant_Dolphin1,ETH_TEST3,0.01
0x4ad72cba0d102d1815d767f63289ecbcc54d5012,Happy_Dolphin1,ETH_TEST3,0.01
0x26faab81b8743f17f6ba7cf55668ea92e6ef1cb3,Jolly_Tiger1,ETH_TEST3,0.01
0x6a56ab2ce3e665131bef8ae0008d3c81d8865ba1,Zany_Elephant1,ETH_TEST3,0.01
0xe3157e1d24c62a4df95c8a4ba12654a09b7d7880,Sad_Penguin1,ETH_TEST3,0.01
0x8eaba8f53aa44c8325abd00ec2b8075dcbbba477,Bubbly_Flamingo1,ETH_TEST3,0.01
0xf7cd9bbbddf629541bb296bd9e2eb330aa8b78d3,Vibrant_Unicorn1,ETH_TEST3,0.01
0xe4545eb15538e62b02fc6913eab5bf503eba22f7,Quirky_Elephant1,ETH_TEST3,0.01
0x771ef89464cb105c6fe1288eff4250927a0b04bf,Funny_Penguin1,ETH_TEST3,0.01
0x47a43280b3928cbebe893742676b33e0402e10ff,Witty_Lion1,ETH_TEST3,0.01
0x55a46e5f5dfe9313de24bc39ea68ae9f6a760333,Caring_Narwhal1,ETH_TEST3,0.01
0x9ae086b06d2e63c336982c4a310c38f4e11a4163,Vibrant_Dragon1,ETH_TEST3,0.01
0x9e2688584ca7790c9f1f3ca9284d75dae833bd5a,Witty_Koala1,ETH_TEST3,0.01
0x987fb99e2791261ff2ce8919a814f557c03919a7,Caring_Sloth1,ETH_TEST3,0.01
0xa9d8de933c54572c081f3a054e77d57db3c60637,Happy_Narwhal1,ETH_TEST3,0.01
0xd9ee1ee2198cb9d3a604c7e06b9be71652fbbc2c,Cheery_Giraffe1,ETH_TEST3,0.01
0x9b7c3f72408ca459fc457da9891ba94196486568,Clever_Koala1,ETH_TEST3,0.01
0xb5fd036d5cbab2a506014cf62092e90edb3b600a,Funny_Koala1,ETH_TEST3,0.01
0xadaecc7075178062124cc3c236a04c17172aff18,Quirky_Penguin1,ETH_TEST3,0.01
0x98941e065d0785fe32400ca2c4a3634f5cb80f5a,Clever_Lion1,ETH_TEST3,0.01
0x7afe6f69fb8f22f81eb7fa616664cad694bf8d14,Kind_Kangaroo1,ETH_TEST3,0.01
0xc6e07f3a8d19b973872cdefa4399c4aa79c1658c,Quirky_Elephant1,ETH_TEST3,0.01
0x7e48c7230e399eb8f4c338ce369e0c275937abf6,Clever_Unicorn1,ETH_TEST3,0.01
0x5b02ab3487fa71c0d774beb5b3065461667f8af1,Sad_Sloth1,ETH_TEST3,0.01
0x3fa04fd07201437024b61cd37437e4140a9ef137,Kind_Koala1,ETH_TEST3,0.01
0x42212efda6bc1cc0c8ed0bda51ed037acd4dd683,Angry_Tiger1,ETH_TEST3,0.01
0xfcf046d301445fed14f335347d6de175be7672be,Zany_Kangaroo1,ETH_TEST3,0.01
0xf6aae8e02d928d153a3d6db6764a63db17e45616,Playful_Koala1,ETH_TEST3,0.01
0x8ab0fafb84c62cb1855369ed08128e6f9445a2bd,Bubbly_Narwhal1,ETH_TEST3,0.01
0xe5026ff6edf6edcb820fe521f54f419b71de9b27,Silly_Unicorn1,ETH_TEST3,0.01
0xcba88fe822b8f9a680f72a7daf659ff748f19fcc,Angry_Panda1,ETH_TEST3,0.01
0x7b89d8a3bd6c9ab6f82b44afd36b09499cdbe454,Angry_Giraffe1,ETH_TEST3,0.01
0x8f4b90b21f5568bb99da2e301ecda20b0bea7e8c,Playful_Panda1,ETH_TEST3,0.01
0x25cdfbbef09c1e530dd59cd8be2c9c3ec4ccda37,Bubbly_Dragon1,ETH_TEST3,0.01
0xf03f52263c0734b8abb2ca9fbee2c78b5afbefd6,Bubbly_Dolphin1,ETH_TEST3,0.01
0x9d3475840a63792df237dde3bacd415b74df7af2,Jolly_Penguin1,ETH_TEST3,0.01
0xe9dab4791c800f4ab19e76cc22fd2c529101b51b,Angry_Kangaroo1,ETH_TEST3,0.01
0xd012406060a11ef7c2df366b4a866965960cf7c5,Jolly_Elephant1,ETH_TEST3,0.01
0xad80a42f2bcd6802f35b70e1b2c3933b980cfb0b,Sad_Giraffe1,ETH_TEST3,0.01
0x46389493149e71f7887b56270f924aa5e3b9aa08,Quirky_Panda1,ETH_TEST3,0.01
0x8ac98c2a106f4576cdc4741e305dcbcb3a56cbc4,Witty_Flamingo1,ETH_TEST3,0.01
0x6d28e221f42f2ec8ce9e8b3cdb0a851e01190ebb,Silly_Sloth1,ETH_TEST3,0.01
0x3a491eeac1bc0b231eeeaafa5b210cc843858328,Clever_Tiger1,ETH_TEST3,0.01
0xdc4109f3b05b091f7859249c2d432d2135a6ae66,Joyful_Lion1,ETH_TEST3,0.01
0xa810e1483f54afbb3d59b7aefe8c3cef47e2af18,Happy_Dragon1,ETH_TEST3,0.01
0x65d712c5b1cc2cbdaf081ec7931813925cc753d8,Quirky_Dragon1,ETH_TEST3,0.01
0x391f85cab60633b3cbb69a9335c63b571075c150,Kind_Panda1,ETH_TEST3,0.01
0xf8b835e9a6eeda803a9f9c408d35a385c94dfd99,Jolly_Kangaroo1,ETH_TEST3,0.01
0xed832fe2021f1b6338ca7f341f178b7cae228e12,Silly_Penguin1,ETH_TEST3,0.01
0x7ccd5f2ae969c702e625304494f9754cc66d9b1b,Cheery_Flamingo1,ETH_TEST3,0.01
0xe0ff5d3ffaf9b0ef8af02d9621c91b3fc77aded7,Silly_Elephant1,ETH_TEST3,0.01
0x52934c7aea61250d5a42b96f15d61c4d7288aa0e,Caring_Narwhal1,ETH_TEST3,0.01
0x852e0dbec92553b7ab339ad0b9d3c58de356c630,Quirky_Flamingo1,ETH_TEST3,0.01
0xb38b991a571209c179ebd9efc02064ebe520f228,Clever_Panda1,ETH_TEST3,0.01
0x8f8babf62ebc9a90792b19308c6e9e74d156b367,Caring_Narwhal1,ETH_TEST3,0.01
0x4690fb4b754c86a667cfba7067bd977e60326c6b,Joyful_Lion1,ETH_TEST3,0.01
0x33349894d755b985c9cc0e71941020755c74e63c,Witty_Panda1,ETH_TEST3,0.01
0x27aa886ceb115bd7e7e72da0d00e9749fd4cb325,Jolly_Lion1,ETH_TEST3,0.01
0x604349e7da89110aac1ceab14fef9ae1167e26c3,Bubbly_Lion1,ETH_TEST3,0.01
0xb34851f7d3b017fa22eb7cb42903e088aee913bc,Sad_Monkey1,ETH_TEST3,0.01
0xb78621e5d1621ceee600417fbbc72cc8da65cbc3,Sad_Koala1,ETH_TEST3,0.01
0xd1769921f57ffccab91a253cabceab691cbfad66,Vibrant_Dragon1,ETH_TEST3,0.01
0xcc8ca0cb1fdb25eda691b1fe58e4600380dfc181,Vibrant_Panda1,ETH_TEST3,0.01
0xde98e4568941e29026db93caaed25e4c2998d72e,Caring_Monkey1,ETH_TEST3,0.01
0xeafc58c20da3c139a8843027346a068ba9c0158e,Spunky_Lion1,ETH_TEST3,0.01
0x4f29cd3b3d18ad3fc1067ef7437f3a32a9777e0f,Witty_Koala1,ETH_TEST3,0.01
0x87db066f73fb25f34e55a1c1c9e8489249c25742,Cheery_Koala1,ETH_TEST3,0.01
0x96aa6eee8a57ba043cb859fb09b8b0d751f07200,Angry_Giraffe1,ETH_TEST3,0.01
0xf28f489495979f3858f99a5bae74f7256a6a609a,Silly_Narwhal1,ETH_TEST3,0.01
0x9e2e8d66e1d3031b8a47818cb92e020483f49c85,Caring_Flamingo1,ETH_TEST3,0.01
0x71e9f11b10cfd499527c654bc9939c755b056202,Clever_Panda1,ETH_TEST3,0.01
0xefb96bd4690921db5ffb1b4aacf7beaa118a3adb,Silly_Narwhal1,ETH_TEST3,0.01
0x83f4abe133e6b9e40a9dfdc8e3629c70f0405a08,Vibrant_Octopus1,ETH_TEST3,0.01
0xc0dcc6706a574ca7b748ac4dfbce8bba558fa991,Clever_Panda1,ETH_TEST3,0.01
0xc24a8d8bd9f56acd776dc281381b552418dae3bb,Quirky_Tiger1,ETH_TEST3,0.01
0x5f5585bba006713ffaf9d537ef92a5aa76791553,Playful_Elephant1,ETH_TEST3,0.01
0x18916a9140139f5c21b4cc39b5cdc551125cd2fc,Vibrant_Giraffe1,ETH_TEST3,0.01
0xf18c45ecc2f7cc39444c641ffe1b2cf57dea7fc8,Silly_Sloth1,ETH_TEST3,0.01
0xccaa80305a612f0d91d49ac42919033bc08b14ac,Clever_Octopus1,ETH_TEST3,0.01
0x8b6c4443f9cc3ce62bd29c7b40a38e879ae51882,Bubbly_Monkey1,ETH_TEST3,0.01
0x06d9abefcb24b88a7e10539bada7137659bef687,Kind_Dolphin1,ETH_TEST3,0.01
0xe13604a784bccf7b0862e1974ab5889722e24fc2,Joyful_Unicorn1,ETH_TEST3,0.01
0x4a389fc16b5edbd624b5014cd5813f7133eaa72a,Witty_Dolphin1,ETH_TEST3,0.01
0x8492f7d31b8b97378d3e9fae1f9966545c4fbe70,Bubbly_Narwhal1,ETH_TEST3,0.01
0xa4813995125ab02a322c40db2ea9f90ddac7e504,Playful_Giraffe1,ETH_TEST3,0.01
0x6ba5bed4b432c316c309b4663e69dc557b35b9c4,Clever_Dragon1,ETH_TEST3,0.01
0x4faef1aa8c2423d117eb1cc2a951625e1f35605c,Vibrant_Narwhal1,ETH_TEST3,0.01
0xb5b02c1e192d71ac538134264044725572fd2538,Playful_Koala1,ETH_TEST3,0.01
0xfe7972b4e8c5ab1f7dd7065f2a531958ea12b354,Clever_Lion1,ETH_TEST3,0.01
0x837a48316806a399acf808ee88122a05514fbda7,Silly_Monkey1,ETH_TEST3,0.01
0x3372c3d444b0e53eebc904553b0987b307b270b4,Spunky_Sloth1,ETH_TEST3,0.01
0xf055aabe27b7a55a985d2e5b14f958fb72756f7d,Spunky_Dragon1,ETH_TEST3,0.01
0xa9f43ff7c8d30fb460a910aa731ddf0c0bd9baa7,Playful_Kangaroo1,ETH_TEST3,0.01
0x24962a0b7ad2b9d9e271df4d2f14a36be3c49ddc,Kind_Kangaroo1,ETH_TEST3,0.01
0xb381465fa15106bf541bf9718777dbac59b32d11,Silly_Monkey1,ETH_TEST3,0.01
0xc9edb735a9bc8438401c2d828c4b0bbdce26ee82,Funny_Unicorn1,ETH_TEST3,0.01
0x3b1da568932efb10df88b7ea76f4a4a0e1b4b0f8,Playful_Monkey1,ETH_TEST3,0.01
0xa7e4927396d5af9dbf6c3feb56c33f1f4e7b3f9d,Caring_Lion1,ETH_TEST3,0.01
0xe8d595759b606bd1d5d3345aafd28ef58503c989,Silly_Octopus1,ETH_TEST3,0.01
0x104a8796233fb9950036822ceaf908338c11ce8f,Clever_Giraffe1,ETH_TEST3,0.01
0xb144488ead099e6d849d4c4777b95bc490bd7a35,Clever_Penguin1,ETH_TEST3,0.01
0xefca105da1b2506dd34d4d9f876f8349df29e4c0,Silly_Kangaroo1,ETH_TEST3,0.01
0xad10a9821f305cb3bd24dbef16058de42a827a9b,Brave_Sloth1,ETH_TEST3,0.01
0x3113a026e0a1fa32bd4775a0b23b583a1b1efe75,Joyful_Dragon1,ETH_TEST3,0.01
0xf985037cde3a5cfee37fa016ce593a57454546ef,Sad_Monkey1,ETH_TEST3,0.01
0xff5cf37619ea77c3d4d8c4ba96f63eb9cb2f13f4,Spunky_Panda1,ETH_TEST3,0.01
0x21b872935d73a1eee9170cb829154a2816ae70cf,Spunky_Panda1,ETH_TEST3,0.01
0x410ed2841244ef7ed075c627b19a69b56c23cdbf,Silly_Penguin1,ETH_TEST3,0.01
0xd082c0f1e55171c5c5fd73294a9e8169c34c1bad,Witty_Monkey1,ETH_TEST3,0.01
0x71db3647a2f4ba699c7310576adfe86be687b915,Jolly_Panda1,ETH_TEST3,0.01
0xec4b7af47bb7c0775a1c1836365559bbca3a7e8d,Funny_Octopus1,ETH_TEST3,0.01
0x6f1c2c2341aa120587a2e34180ff796bf9dc133f,Cheery_Elephant1,ETH_TEST3,0.01
0xe103dfdf190ae645a07da724c21ea97bdf689904,Spunky_Dragon1,ETH_TEST3,0.01
0x241beef3ec6a612dae5211804c3c2bb9931222d2,Zany_Dolphin1,ETH_TEST3,0.01
0x03348b8c9e0764eab11a754fc760e2c28d0e2290,Witty_Monkey1,ETH_TEST3,0.01
0xf0028ebe024eedc124ed8c8024a3c77656a74f3a,Witty_Giraffe1,ETH_TEST3,0.01
0x129d129170ffaa14bdb9001cc860b9970f4bd988,Sad_Dolphin1,ETH_TEST3,0.01
0x36854315a3a5dd32c58b9a5968b9eeea472072e9,Quirky_Monkey1,ETH_TEST3,0.01
0x52c21be9d0f6e827d0f6ec2c86f35c2d9bc094d5,Bubbly_Elephant1,ETH_TEST3,0.01
0x65ed62b9a617fcdc17d9f479e833688de5c5075b,Angry_Octopus1,ETH_TEST3,0.01
0x325d3381de84eb804cad7554891ebf52f628424b,Spunky_Dolphin1,ETH_TEST3,0.01
0xe463afc366c29afaa55b199494903ebbdca81ee1,Lively_Dragon1,ETH_TEST3,0.01
0x302434fdaef5777d09a39831f2e2e4a763def0e2,Bubbly_Flamingo1,ETH_TEST3,0.01
0x48fc8174d55211f274c1274272bcdb89a2a79fbf,Zany_Lion1,ETH_TEST3,0.01
0x81f92457ebc672bf6e98f20e08805ca2266ecfb9,Kind_Elephant1,ETH_TEST3,0.01
0x5bbfdfbde447ae33ecf628451a9ab1dfe75a8505,Sad_Kangaroo1,ETH_TEST3,0.01
0x2c6f0417b91c0e011e5b88eb35164965664df014,Silly_Sloth1,ETH_TEST3,0.01
0xb24b3f9dca4fe820e3a9238e670576b19d644905,Kind_Tiger1,ETH_TEST3,0.01
0x83360c1a53cd93a2c80e75617b47bd7342f25794,Vibrant_Dolphin1,ETH_TEST3,0.01
0x87536c0590169f7de1d870f2d6922720fadb07d5,Lively_Sloth1,ETH_TEST3,0.01
0xc1ca6856dc45343248add1fc8d30f5b00d210132,Caring_Lion1,ETH_TEST3,0.01
0xc90123f9af848bbc00a0209cab3db5d006737d38,Clever_Giraffe1,ETH_TEST3,0.01
0xb1433e742476907604b03d207d1157a8ba47333d,Witty_Octopus1,ETH_TEST3,0.01
0x6f095ccf20226a149cbfd89cbc5c13ebe198dda1,Spunky_Sloth1,ETH_TEST3,0.01
0x96371bbf601a227c2d46e590d1df696e6ad7b277,Funny_Flamingo1,ETH_TEST3,0.01
0x5ec21f4f0717f1fac19c7851c5f142d874cb817a,Caring_Elephant1,ETH_TEST3,0.01
0xe023a786e8be98251108d5698a526c94d2bc68b0,Quirky_Giraffe1,ETH_TEST3,0.01
0x03501714b9da305a7db6613b792a74ebd5ef19bf,Jolly_Octopus1,ETH_TEST3,0.01
0x49ac244998f66373a8ac0a163206bd5b18c44026,Silly_Sloth1,ETH_TEST3,0.01
0x761fd3ab920be366865fa974aecc62415a4a877b,Joyful_Tiger1,ETH_TEST3,0.01
0x51beaadb479662a4b2a00ccf162a5bb2e319a49b,Cheery_Octopus1,ETH_TEST3,0.01
0xa350da6ee31fac7502328336e6d7f10f237c1915,Sad_Giraffe1,ETH_TEST3,0.01
0xa7128bbc7b5b1cc10579fe19e915f2bae7b3a830,Brave_Narwhal1,ETH_TEST3,0.01
0x0a8e714e6a12f561213ae86fd78948f72b2daf2c,Silly_Sloth1,ETH_TEST3,0.01
0x5a4ccf18d19b203e9838e5a3e08da48ec110a69d,Quirky_Flamingo1,ETH_TEST3,0.01
0xf65ac31d84369f2f3317a02882b8928d58295b4f,Spunky_Elephant1,ETH_TEST3,0.01
0xa52d15898144a4461f87f1caea58c6bb8dfd4491,Bubbly_Tiger1,ETH_TEST3,0.01
0x347fea0f7784be55583a3673fe47899567c5e349,Clever_Octopus1,ETH_TEST3,0.01
0x9b68e7590a730048b59c200c314a821c915a617a,Cheery_Koala1,ETH_TEST3,0.01
0xaa627584862979fbeb8571d4c0d226372ff61198,Sad_Flamingo1,ETH_TEST3,0.01
0x373cecb69089cbd45c41f1c78a120d3dc219b3c5,Clever_Dolphin1,ETH_TEST3,0.01
0x7fb50811127555793636b7d79698999ede2b49a8,Zany_Octopus1,ETH_TEST3,0.01
0xa4bffed945719c162bdbaaa913a413cd1b08d100,Lively_Octopus1,ETH_TEST3,0.01
0xb0d91df7abf913c88449b72062f9a04a22f90ab2,Angry_Giraffe1,ETH_TEST3,0.01
0x01a9c4482da7be594692c16a3de34a5b559b9982,Playful_Tiger1,ETH_TEST3,0.01
0xfebb8d3acb5b723dda99aa5b6cb8a3ff967ea791,Brave_Monkey1,ETH_TEST3,0.01
0x121a6b262ed95dc0f84daabd939eaf4992070d48,Bubbly_Monkey1,ETH_TEST3,0.01
0xec4dc56914fb53ddb91f0ae94fc21d783893dd54,Vibrant_Dolphin1,ETH_TEST3,0.01
0x56748442c83904fb0f87be6daa8c4b8d3a3e832b,Cheery_Sloth1,ETH_TEST3,0.01
0x9d2a34c3d021643a0ebe931e9e9869e478fb8d2e,Vibrant_Octopus1,ETH_TEST3,0.01
0xd8f3ead04591e5f7ee4bb23720865c0e0e39ac2d,Quirky_Koala1,ETH_TEST3,0.01
0xfbd0c83beeab92d41c78c17ed059dff8145f28f6,Joyful_Tiger1,ETH_TEST3,0.01
0x311051f9d51949fdb68fa6f5ca010166878fb879,Vibrant_Unicorn1,ETH_TEST3,0.01
0xa59d247e9d1f1053276fc9cfb36ba6eb26ad3bf5,Quirky_Giraffe1,ETH_TEST3,0.01
0xfc52947c31c47439ee5394dfc7ccfe7e65ca48f2,Kind_Unicorn1,ETH_TEST3,0.01
0xd59f007b9399cfdc03db8ab77d448d250db7bc88,Playful_Tiger1,ETH_TEST3,0.01
0xd4dcb7ef606ea0d6dc20b88f7d5cf92b5a72c01b,Jolly_Narwhal1,ETH_TEST3,0.01
0x15888ecb383f0e59ca239fbc9143251d3cbb89e4,Brave_Giraffe1,ETH_TEST3,0.01
0xf6c3fdda47a04ca6ba52f0d297a9d8fa8cbbd636,Kind_Unicorn1,ETH_TEST3,0.01
0x8d0f4bffb0fc2f9dffbbf3aa9f1ea97064771693,Jolly_Giraffe1,ETH_TEST3,0.01
0xf286642c5a4082c027209600b3f4437057f6e4e5,Bubbly_Octopus1,ETH_TEST3,0.01
0x5c131ff71f0368810e45accf6da5f4a789903470,Witty_Octopus1,ETH_TEST3,0.01
0xe59e58f841c0b46f527863fbc141cc4fa6757cf1,Lively_Dolphin1,ETH_TEST3,0.01
0x5bc69a3c345b897abfcb0df252612dad86710396,Cheery_Octopus1,ETH_TEST3,0.01
0x4843709a3a1518fc608094db9ae195accd3f6191,Angry_Koala1,ETH_TEST3,0.01
0xec316daa5a1a0da35b43b37dd93e449ca2422e73,Brave_Panda1,ETH_TEST3,0.01
0x35ea2b1f6b01c8a9435e8f1ceacad59ffb0dcf81,Funny_Flamingo1,ETH_TEST3,0.01
0x9cb916e6b0a6cb4452047b34469a4ec8b72829c6,Silly_Dragon1,ETH_TEST3,0.01
0x89d2a4ddf3d624a3a77205b0f5f26a416f477c01,Playful_Flamingo1,ETH_TEST3,0.01
0x583c2612069f07f30c21842db29a6d32424a874d,Funny_Flamingo1,ETH_TEST3,0.01
0x6cb47dbe0464975db8994326610414499c45641a,Witty_Dolphin1,ETH_TEST3,0.01
0x97cf9ce6ea69b96ccd3506cffd019ae9fb8b7b06,Joyful_Narwhal1,ETH_TEST3,0.01
0x32a2a2ee3dc4808280bd96f06036e5a47dfe2d99,Clever_Dragon1,ETH_TEST3,0.01
0x546535b66e56c1a64a3aad9822fa2bcd5d89d7b5,Angry_Penguin1,ETH_TEST3,0.01
0x90bce0bec560627f1df0d1136472192a30fc832d,Silly_Sloth1,ETH_TEST3,0.01
0xa5259364d7f0c1e077b74ee3b3aee3af4a3c3819,Playful_Flamingo1,ETH_TEST3,0.01
0x49d8343489dc26bae34cdd64e9d9c22b9fb59738,Funny_Penguin1,ETH_TEST3,0.01
0x96b7920d0374b263e98521bc0bb1c324cfbf04cb,Playful_Penguin1,ETH_TEST3,0.01
0x7a560dea5fd003a35df284682da67a3dadf642c6,Jolly_Penguin1,ETH_TEST3,0.01
0x31b57501b1dda12ecf53743ec7316060d629de46,Joyful_Lion1,ETH_TEST3,0.01
0x1e93723e9ba4e3947f45a7e407219ac10ce7349c,Angry_Panda1,ETH_TEST3,0.01
0x051209ab42b1bc906ed75b34d32d8d2b6a8856d1,Quirky_Flamingo1,ETH_TEST3,0.01
0xa409c3bd2fc6b39bc4ba6df64e42e4c6b8262800,Joyful_Unicorn1,ETH_TEST3,0.01
0xb6dde4562ba6d8e1c96ac542aa780fc0dd6bb6fe,Kind_Octopus1,ETH_TEST3,0.01
0xeaa9e231608d676dbb564a49fb07eb33c0ba114a,Lively_Narwhal1,ETH_TEST3,0.01
0x88425684c9868916324edd6c94cb0d84de365a0d,Bubbly_Sloth1,ETH_TEST3,0.01
0x0be5b57c77e1200491c30afb86a89becefdd23bf,Kind_Koala1,ETH_TEST3,0.01
0xcc091d2a2940c391f5074d5bef7daa220e20af2a,Sad_Penguin1,ETH_TEST3,0.01
0x422454f4f092e738fd107617db3e9ba83db08b8c,Spunky_Lion1,ETH_TEST3,0.01
0xf476aac2a435e68e33c111029607287a52339778,Angry_Giraffe1,ETH_TEST3,0.01
0x51bd6ad796bc2bb8334a4d3ae62083ce999627d9,Lively_Kangaroo1,ETH_TEST3,0.01
0x251c0cd5d609a5fbe8fb82b0aaed29092d9b4442,Clever_Koala1,ETH_TEST3,0.01
0xb1fa7ce7fa9e73138f2d61eb264938baac7c7dfd,Bubbly_Tiger1,ETH_TEST3,0.01
0x4c1cf2f87c671985a09e81b99cef53feb3405e7c,Angry_Penguin1,ETH_TEST3,0.01
0xc2574efc753259176a89ed713b415ee765c49c1d,Bubbly_Panda1,ETH_TEST3,0.01
0x8264d7ad6fea3ec110f79e273c22b06a696648da,Joyful_Penguin1,ETH_TEST3,0.01
0xc09b7077283ee724b038a16c780483474bcd2410,Happy_Kangaroo1,ETH_TEST3,0.01
0x20a65b6bd76dab55e817222c1fdefb36ff0ea858,Caring_Lion1,ETH_TEST3,0.01
0x3a988d359696d38909815ef2854f5913d33896a2,Caring_Octopus1,ETH_TEST3,0.01
0xadcc430eb28e9c5144a332d1cc6c558edc13eeb7,Bubbly_Narwhal1,ETH_TEST3,0.01
0xbb748a49bd6c04aaddaed1ee34a23559f59f662f,Quirky_Kangaroo1,ETH_TEST3,0.01
0xc670a7812b052db7fdb564fc6e879525c7b3fc5d,Bubbly_Octopus1,ETH_TEST3,0.01
0x230e1f084c8dcc8119df0a3ad554af33bff97281,Lively_Narwhal1,ETH_TEST3,0.01
0xc697fd407d4298bb2765dfe5c989ad9fb8d1f14e,Quirky_Lion1,ETH_TEST3,0.01
0x518852f28513305f6b3441ddc9be8e4dec466841,Happy_Flamingo1,ETH_TEST3,0.01
0xa8efb6e54f20eb5fcf5e6f5d3c341a186d5b0ac8,Lively_Elephant1,ETH_TEST3,0.01
0xbed2cb612d54d9d3f731c1679d660cde321f30e2,Quirky_Monkey1,ETH_TEST3,0.01
0xb569c31b4885f8839ee1414eed5767cf97ab9861,Bubbly_Sloth1,ETH_TEST3,0.01
0xa9fe684d3604e634fbb53d9756f53c25a9b8f07d,Brave_Elephant1,ETH_TEST3,0.01
0x325478b1f9661d6e42fda56d02aef18a921fc3b2,Quirky_Octopus1,ETH_TEST3,0.01
0x3d0b53f9bacab6447cca20d2551eaa5102f94c9e,Witty_Elephant1,ETH_TEST3,0.01
0x2eb57b3d000974867055ae810058240d625d31f7,Sad_Octopus1,ETH_TEST3,0.01
0xd2b1b443e3ef7a516917823152482360b21c5b86,Lively_Lion1,ETH_TEST3,0.01
0x9b3e48cd700b2c93c6d6baae1592d9d13e45cc61,Spunky_Narwhal1,ETH_TEST3,0.01
0xb92de9a563866803074cf9d4e28f46a963dd5eed,Jolly_Kangaroo1,ETH_TEST3,0.01
0xbf8ec0e10c41969416fe7dffe51bb1f47193aa11,Cheery_Unicorn1,ETH_TEST3,0.01
0xc8b76519e741f91e650cb3f2a468baf93b509144,Spunky_Tiger1,ETH_TEST3,0.01
0xfdc4582c170bf10bb8da1dc3580b68b9bb8834e3,Caring_Koala1,ETH_TEST3,0.01
0xaa1a718dfa59e4d551a5eb1ce6503244d7ca15b5,Angry_Kangaroo1,ETH_TEST3,0.01
0x853afab124b7b5f0a8aa90664a89d7edd7c70c8d,Happy_Panda1,ETH_TEST3,0.01
0x226b7d393be09138c05842b11a61ebe9e4efd870,Witty_Octopus1,ETH_TEST3,0.01
0xc7777f98035dd477e558a02c4aab9c7d1cc977a3,Vibrant_Sloth1,ETH_TEST3,0.01
0x5ea991a99f4f271ed0396d5d61c22c0dde31fc7f,Sad_Panda1,ETH_TEST3,0.01
0xce7aa0a499768adc9d3dfdf4c38315d0fd567bf3,Vibrant_Giraffe1,ETH_TEST3,0.01
0xd1f5ec0feee7397cdcfd9f9b72ebaccb7d544748,Vibrant_Kangaroo1,ETH_TEST3,0.01
0xf9d78f155670b469d858fd68b6bda8fe50a19909,Angry_Giraffe1,ETH_TEST3,0.01
0x4896f0085dcd5ba2d21d85932a6d5cc922d019fb,Bubbly_Dragon1,ETH_TEST3,0.01
0x00e3bb1364640a2c1931069c1199bb265fbf130d,Brave_Lion1,ETH_TEST3,0.01
0xd73ef2125564b83b1d9dbc6a285653a5faf77eed,Sad_Octopus1,ETH_TEST3,0.01
0xfa23a6e41a8da68b58cfb74c50583f222ee4a7ef,Clever_Unicorn1,ETH_TEST3,0.01
0x56ddf4df33ea048906c734fa66a36c26a3b105e2,Zany_Panda1,ETH_TEST3,0.01
0xd4ff88f2a910c4615e0d02c3c8ad052389c15b8e,Cheery_Giraffe1,ETH_TEST3,0.01
0x361d3586da6803f5bc5c47371fe9e30e5d093eba,Vibrant_Kangaroo1,ETH_TEST3,0.01
0x8c31926b71d881fca3811bc63c0621dbc9b6ef82,Joyful_Elephant1,ETH_TEST3,0.01
0x82e51686bc4e03dfe401125457c3da4094baee60,Brave_Elephant1,ETH_TEST3,0.01
0xb898463edd86a3f3e6ae1cff4e91ed07d38f6d9b,Angry_Giraffe1,ETH_TEST3,0.01
0xeabeece7d09e9cde2f83c68c47386affdebdb779,Brave_Panda1,ETH_TEST3,0.01
0xd1357edf1174f2ffc73d5596907c68136d0851c3,Joyful_Panda1,ETH_TEST3,0.01
0xad8cbb97d6a484637ce626da34522b98fa43f79a,Joyful_Penguin1,ETH_TEST3,0.01
0xed9d2279fcca6f39ae8bf5b06ff963ed078435d5,Bubbly_Monkey1,ETH_TEST3,0.01
0x05865c3ab4216ae5d9ea7e2c3cb10cc60e6a64d3,Clever_Koala1,ETH_TEST3,0.01
0xe6bce8f983f5f4f3445cf5f62cb97e872ca09f55,Joyful_Narwhal1,ETH_TEST3,0.01
0x1a4052b2877dee83178e433e7a3e9896155ba0c5,Caring_Koala1,ETH_TEST3,0.01
0x6deb4ac215fbc6c5035c44a5938e5fc7845333a9,Zany_Kangaroo1,ETH_TEST3,0.01
0x70097cfa91b3788f81a8d3ca2d4e419aabb1c4b2,Happy_Sloth1,ETH_TEST3,0.01
0x83cec8d59ead67c9a438c267730317a76c18f204,Angry_Lion1,ETH_TEST3,0.01
0x4f6cc9b7fb03e9500804a0d431e8ffda1e97af83,Witty_Koala1,ETH_TEST3,0.01
0x8243920b30a67cb490ed93b1cd21c7c881fd3ed6,Funny_Monkey1,ETH_TEST3,0.01
0x0a9f693e04967829441343ee6a8dac749ac1a0b1,Kind_Elephant1,ETH_TEST3,0.01
0xc840277153b4986dc4ebaa6b2462a42e6bbe1d91,Funny_Panda1,ETH_TEST3,0.01
0xc609c269bffc0089961f93ec7bfb034607eaa447,Silly_Sloth1,ETH_TEST3,0.01
0x28e9af13a08c30181f4571a88526682bb6318ce7,Brave_Koala1,ETH_TEST3,0.01
0xb33bb1082d49f61a6df66a83b6992db80a644e99,Lively_Giraffe1,ETH_TEST3,0.01
0x270d889958a731816ca0779972bcd7c5cc9aa7a0,Brave_Tiger1,ETH_TEST3,0.01
0x40b46993762db2d6cd715186688d08b1dfeb425c,Lively_Octopus1,ETH_TEST3,0.01
0x5e3ae51d469c563e85269bc2ee87d7dfc4ccf444,Brave_Kangaroo1,ETH_TEST3,0.01
0xba1f30fae1fd7fcda587cc983d685ee1d5f7a2f6,Cheery_Penguin1,ETH_TEST3,0.01
0x228217a025e94fdd8e7fd6a05fa83e239a3cadf5,Sad_Tiger1,ETH_TEST3,0.01
0x30114a16243f9b80961327276d31c8d89bf1e199,Silly_Flamingo1,ETH_TEST3,0.01
0xe5b9b509cf0fa7b0c5d2d6072628594bfba3cb6e,Silly_Unicorn1,ETH_TEST3,0.01
0x978f8a659d304993ae4cdc9b0086f816770da13a,Bubbly_Kangaroo1,ETH_TEST3,0.01
0x8f479297a39568f68ab03dc5360b4e379e4631b8,Angry_Narwhal1,ETH_TEST3,0.01
0xee14ddf6b8be72cbfc6c95e45974c17f82759ba5,Vibrant_Dolphin1,ETH_TEST3,0.01
0x9ad6412c99d115adcb142a8124e1412c273282d0,Vibrant_Dragon1,ETH_TEST3,0.01
0x62943712065fb617e2457d74fab255ce50ec4624,Jolly_Octopus1,ETH_TEST3,0.01
0x3f359a279db498159c25bc2a2f24959e253ce720,Cheery_Giraffe1,ETH_TEST3,0.01
0x4812a888c5d6403185b135cb4797751008638650,Caring_Kangaroo1,ETH_TEST3,0.01
0x8f44c3701b730b983a04dac16d2302082a14a711,Witty_Octopus1,ETH_TEST3,0.01
0xbde7da5421bc3a654d95cf99f46be241f1c2e8f5,Lively_Elephant1,ETH_TEST3,0.01
0x991ec5024165765446992cfb8123705e182ecece,Lively_Octopus1,ETH_TEST3,0.01
0xf2d2838f3db03a21d6265af531225507ae313c23,Brave_Giraffe1,ETH_TEST3,0.01
0x6f5e0a45b63153b72d36b6f490a99eabf2a316e0,Jolly_Giraffe1,ETH_TEST3,0.01
0x06f7b52155ff4c5008534ec8874adfce00559830,Happy_Narwhal1,ETH_TEST3,0.01
0x4d101b71ea1b296d0489c235f285f6f9f07cd7dd,Zany_Koala1,ETH_TEST3,0.01
0x0b187dc738170aa909960a6bbf37fa4cda8f4176,Brave_Unicorn1,ETH_TEST3,0.01
0x9ef0b061f30c407fbe22b5c1df51462d594c18eb,Funny_Kangaroo1,ETH_TEST3,0.01
0xe442c626666a48daa12cc0dc8860d0e46eb0f399,Funny_Panda1,ETH_TEST3,0.01
0x3b5c9903cd2bde4a8ee151195f875ec959497bae,Silly_Penguin1,ETH_TEST3,0.01
0x549be189d087be1158271c77f0bb4318601554ea,Bubbly_Monkey1,ETH_TEST3,0.01
0xe08ce2ee64ebb71030caeb37f6e5a04a98710871,Silly_Monkey1,ETH_TEST3,0.01
0x359d7da31a56146ca55eae50f54f9c892dc8e4b1,Quirky_Kangaroo1,ETH_TEST3,0.01
0xa5401f65b9735fc4db88d5fcf769bc5e152a8c8f,Spunky_Dolphin1,ETH_TEST3,0.01
0x8277408041f2af9faddae3453188959272538768,Kind_Narwhal1,ETH_TEST3,0.01
0xc0b897cc7131675ac200bbf4f4c9ab4b71368a71,Jolly_Flamingo1,ETH_TEST3,0.01
0xd22c805dc311b3ce1931a2b3ea23025a5065da12,Quirky_Elephant1,ETH_TEST3,0.01
0xa7dcd1c1e07d7d5dbfbbe334bf7022ba5244febb,Clever_Flamingo1,ETH_TEST3,0.01
0x91f98717de935b877f985f3e7bd9d181cb4ccc48,Lively_Lion1,ETH_TEST3,0.01
0x124b1d4d18cacea2e2b6d8f482a6e7fa4dec5b1e,Jolly_Kangaroo1,ETH_TEST3,0.01
0x3c654c33f0748e9803c2c7ff487b748514758191,Joyful_Panda1,ETH_TEST3,0.01
0xe29af9302cb92b6f23ac0eff5454d3d47a6ac1d9,Silly_Lion1,ETH_TEST3,0.01
0x31781e2de4d0d29598f2798b2bbebe57c17d4dfb,Sad_Octopus1,ETH_TEST3,0.01
0x59bd90f90606b51ba90ca557f48b59b5fe84d163,Bubbly_Sloth1,ETH_TEST3,0.01
0x143103707e7f25c814fb9573df67e7f17227ab5e,Joyful_Panda1,ETH_TEST3,0.01
0x80317ac3792dfaf81de57d1fcadbea5a07a959aa,Jolly_Dolphin1,ETH_TEST3,0.01
0x7068351ca574dd9eab146e026032e2b66e012198,Lively_Tiger1,ETH_TEST3,0.01
0x65850e50b3dad5209f446dc230a1bac96e4df988,Bubbly_Elephant1,ETH_TEST3,0.01
0x8aa011ca3acbd0fba6a370598d4543089639d822,Witty_Dolphin1,ETH_TEST3,0.01
0x8a04e42faab860cb06a3be7b15f78f505773c974,Sad_Lion1,ETH_TEST3,0.01
0xd6e1e97c3b3777911cd88b34765a208a1a524124,Funny_Dolphin1,ETH_TEST3,0.01
0x69527d1d46c7d9c9a391ba4fb678e9d3bd1a1652,Zany_Dolphin1,ETH_TEST3,0.01
0x41d8de8e59d6d848ed93c376e5a09ecc5c56863d,Lively_Octopus1,ETH_TEST3,0.01
0x94a9dd04769693b05610c4745b5cf441eda38cf6,Zany_Flamingo1,ETH_TEST3,0.01
0xbfbd4d8305cbb84fa201393a604b0da6ef6e3495,Jolly_Sloth1,ETH_TEST3,0.01
0xbaaae0965523065ff9429b7ad6a1a0769e902c4d,Kind_Panda1,ETH_TEST3,0.01
0xf4aadc9ffc048463f479d8d9d594e7b568b87e0d,Lively_Koala1,ETH_TEST3,0.01
0x9e705ac7f0bc62e2231cc83348f38ce5bd3c7dcd,Brave_Tiger1,ETH_TEST3,0.01
0x2be412ee11ddf8865493a4f6a16e612beb2bbced,Witty_Dolphin1,ETH_TEST3,0.01
0x62c0eb012130c00e464468d5fe8a55e50a937f45,Silly_Kangaroo1,ETH_TEST3,0.01
0x58ec5b3fa76ff48f6e0bae585862908db544ec67,Silly_Narwhal1,ETH_TEST3,0.01
0x09225f61d4a7bb591ec9c6b147a136dc14ca5694,Kind_Giraffe1,ETH_TEST3,0.01
0xbb0021733f26d5fbb4b7b6cd2309a6145992833d,Joyful_Elephant1,ETH_TEST3,0.01
0x519bddec6da72fa51814f0ba17d379a5a6b6c741,Funny_Penguin1,ETH_TEST3,0.01
0x85a0a51682d627799016b104ea49017faf9a8073,Vibrant_Koala1,ETH_TEST3,0.01
0x818dbcee21315ebeccffe1b83e04cbdf1be2e625,Bubbly_Elephant1,ETH_TEST3,0.01
0x6f71f4cea623b1a61f6d62c0e9ce0d9de45d0e0b,Kind_Penguin1,ETH_TEST3,0.01
0x5eeccf97d2a031286745b5fb0b22aab3a6ca8436,Silly_Tiger1,ETH_TEST3,0.01
0xb196f98120c869ca52093fe079df23037d7efb45,Spunky_Koala1,ETH_TEST3,0.01
0x331726ec21635960598d50e7a9f7ecd63116214b,Funny_Elephant1,ETH_TEST3,0.01
0x1df76b61a3d51b79fcff3df648d324b307c7629a,Quirky_Dragon1,ETH_TEST3,0.01
0x29e00ad0f82d4b5d6bee7e9d7aa4a717eeeee234,Playful_Sloth1,ETH_TEST3,0.01
0x5578fefa339774a98f0b398c850873d8290fc4c8,Clever_Unicorn1,ETH_TEST3,0.01
0x8b0a70462e2b4724fb8fcbceca660682a20c4cca,Brave_Tiger1,ETH_TEST3,0.01
0x2b7458b72da17d43b46ac9ea87f62c42dea1f67a,Kind_Giraffe1,ETH_TEST3,0.01
0x6b7b1aff9217f14af70943aaf824549e3f4f636b,Bubbly_Kangaroo1,ETH_TEST3,0.01
0x8344a5e4ef82f9047d8f45ee96c7524acced8623,Clever_Dragon1,ETH_TEST3,0.01
0x5ccbe33b7c2b4e632a3f6875ee62216983537dd0,Joyful_Lion1,ETH_TEST3,0.01
0x36133d3c1ea8031d92bb0ac66b32d989d3e87e4f,Happy_Unicorn1,ETH_TEST3,0.01
0xa6f024b005bf3e9296d143f70a59288fbb682980,Sad_Penguin1,ETH_TEST3,0.01
0xa3a69c5b38497b5db485f56f4c2441e65be20caa,Happy_Elephant1,ETH_TEST3,0.01
0x4b2dd3f843269f9c43db62c85ef19adb5fbed958,Playful_Penguin1,ETH_TEST3,0.01
0x4e78fbf70b86d6847839cb157d2f38874c3cb614,Vibrant_Sloth1,ETH_TEST3,0.01
0x8199aace12f73ff214628cd16b895f6f9c48a69b,Joyful_Koala1,ETH_TEST3,0.01
0xa69482a0b465e9f55791dfbe576b7b028556723c,Jolly_Monkey1,ETH_TEST3,0.01
0xf62a2b770e4667a95698ac985bc209deec502005,Quirky_Kangaroo1,ETH_TEST3,0.01
0x508cc4c16671df8e6e97bd1cbccc07285f6a0eda,Bubbly_Tiger1,ETH_TEST3,0.01
0xb1ad12a6b9958580a95cc177b456b48c3c69090e,Spunky_Narwhal1,ETH_TEST3,0.01
0x5c64ae49e3b97d67100b81483df8cce1f8122e45,Cheery_Koala1,ETH_TEST3,0.01
0x0e2df8a6d08b436ee7bfae687b65ae3f16288550,Quirky_Lion1,ETH_TEST3,0.01
0x5968f5e714a995473628c8ba38692b52cdd1a59c,Zany_Octopus1,ETH_TEST3,0.01
0x5d8298c52aec0e6f92cac382b067902d1c4d744c,Happy_Lion1,ETH_TEST3,0.01
0x6029a9d87957097e2b154dcf5734096d5fd4aeda,Joyful_Elephant1,ETH_TEST3,0.01
0x633d9b4a413e9d5dc756dc16d886fc16fd2ec339,Brave_Lion1,ETH_TEST3,0.01
0x8425a6dce3880a79087238dc62746ec57d22a946,Kind_Giraffe1,ETH_TEST3,0.01
0x0e7cd56086a3ddd71e60aebe5f166afbb5e073d0,Cheery_Lion1,ETH_TEST3,0.01
0x5b324381f66ce67550c7de60cae03fb4df459681,Sad_Dragon1,ETH_TEST3,0.01
0x000234903161772b06c1c50262147146685c3707,Funny_Dragon1,ETH_TEST3,0.01
0x5f6f658239887ff7913a8cd84de361c5f6956104,Playful_Tiger1,ETH_TEST3,0.01
0x9a0aff843bf8a912c5a7a6a8cba04c9b7afb7a8b,Quirky_Panda1,ETH_TEST3,0.01
0x78cdb9103c985007e92cec499e755db9b0f1c871,Quirky_Koala1,ETH_TEST3,0.01
0x11118987f8ed642ddb76957052d905e03781ee51,Bubbly_Koala1,ETH_TEST3,0.01
0xb50b27e027d25e74ed51334223162df345004b37,Joyful_Dragon1,ETH_TEST3,0.01
0x93cb40c31753d5c9d84fa164c8126860a417a477,Clever_Giraffe1,ETH_TEST3,0.01
0xa3d36341edcf7828237c85e43bf0084d0f76ead5,Joyful_Panda1,ETH_TEST3,0.01
0xcb5ef082db6ff644e34a9e62380c80ede778d953,Jolly_Lion1,ETH_TEST3,0.01
0x58c08b5ea47999718d22e803b21827a7feea67a4,Witty_Panda1,ETH_TEST3,0.01
0x2edb383602f45c65a929bf82f86cac064325c1b5,Clever_Panda1,ETH_TEST3,0.01
0xf0f70eacc6464eaca34edd9c191cf8f1a060b0b0,Quirky_Penguin1,ETH_TEST3,0.01
0x1d97d5760d9edb09fadd091927ef26788ae7b870,Playful_Dragon1,ETH_TEST3,0.01
0xc6b5ea8aba06e5ae81fc9ea6c9eca3f5fdc6dfe4,Clever_Monkey1,ETH_TEST3,0.01
0x83026a83ec458c21202d57a9cbcfbe6ce2b4b708,Kind_Panda1,ETH_TEST3,0.01
0x92573453771f1cea13090f13eddd95385a04f59d,Quirky_Kangaroo1,ETH_TEST3,0.01
0x15a4601df5054d9fa0d2cf37a9841cbc4695db2c,Vibrant_Narwhal1,ETH_TEST3,0.01
0xbce14de28950b2e0d396ee99e21a19668201d675,Funny_Koala1,ETH_TEST3,0.01
0x56c3ed6094ea8cecc1c631be60d64edfb3b0a803,Joyful_Octopus1,ETH_TEST3,0.01
0x940c5560544b044ae80e24e3efeea0ab3ff8c0e6,Bubbly_Sloth1,ETH_TEST3,0.01
0x3c7bf9116a9d494d94557228175add8fd5098d9a,Quirky_Dragon1,ETH_TEST3,0.01
0xcf4b1709616756a993e3a59d51f5b49448eaf567,Silly_Panda1,ETH_TEST3,0.01
0x074440083e3791bb4bbd994373bb082e513c630b,Spunky_Tiger1,ETH_TEST3,0.01
0x418aea51fa514d5da063018fb0062bb0ad7e0c92,Cheery_Kangaroo1,ETH_TEST3,0.01
0x6abc1f8076181d68c315b07fd4abb5847ffa123a,Brave_Penguin1,ETH_TEST3,0.01
0x17ef53d402dcc91786e3f0352df61af2189525fb,Angry_Monkey1,ETH_TEST3,0.01
0x77df5e99e283bddbd8f0f451e7a2d0d2885dfc40,Spunky_Narwhal1,ETH_TEST3,0.01
0x50ad8fe7c3672d2f59a7289b812da34e8c52ae4b,Brave_Unicorn1,ETH_TEST3,0.01
0xeb4a0a64f8b37878423eae1d658a6c602e1b915c,Kind_Monkey1,ETH_TEST3,0.01
0xb193f92b79ea5b2ca1a7c929bd64b91c01fb9e02,Clever_Dragon1,ETH_TEST3,0.01
0x8023c6d96ea61725f98b44670b93614c6910ecab,Witty_Narwhal1,ETH_TEST3,0.01
0x6328097c810c22952e724f7399c74f765163431a,Sad_Penguin1,ETH_TEST3,0.01
0xb80c5ef63d8e5ec1126b42232df64d582272b353,Sad_Octopus1,ETH_TEST3,0.01
0x44ad31cb0025a59d80441468d23f74301bff7cee,Kind_Monkey1,ETH_TEST3,0.01
0x94f08add35f0eba4deb323e8b318adc3aa27c772,Joyful_Koala1,ETH_TEST3,0.01
0x1310a7d2c6520ab39c4b1ba8cab96f94d4aa7259,Playful_Flamingo1,ETH_TEST3,0.01
0xbe183a24e96de0f630d6451f32c4423a4e657017,Angry_Elephant1,ETH_TEST3,0.01
0x31d26e10a0dc1727edd7f75527a7f3a8a581d65c,Playful_Sloth1,ETH_TEST3,0.01
0xb466af04562793cedef2c28c06ae9771404aef78,Zany_Octopus1,ETH_TEST3,0.01
0x9bf35400b0ea80608f21b0a4146845fe947b283b,Zany_Monkey1,ETH_TEST3,0.01
0x3a14d197f134146bd3f2d858d17a3ec45e1612eb,Silly_Penguin1,ETH_TEST3,0.01
0xcc49d04e752baff4ad92cd40c984218c91d620a5,Playful_Narwhal1,ETH_TEST3,0.01
0x2f7783eb62858938e109a653ac2056158b593475,Cheery_Sloth1,ETH_TEST3,0.01
0x206d8e181448ace7d80ec8b5ebf1cb7078589706,Happy_Giraffe1,ETH_TEST3,0.01
0xd02dc058793c7ccd950bfba255f79e9c033a5523,Zany_Koala1,ETH_TEST3,0.01
0xd65d7ae90b9f8351a6c550882d839beb37566144,Silly_Unicorn1,ETH_TEST3,0.01
0x5c77823d8cf56f9e7279d86d96d502d9975cfe71,Playful_Sloth1,ETH_TEST3,0.01
0x154e737f17b9fac44d7c731e18247e3dc848bf53,Silly_Dolphin1,ETH_TEST3,0.01
0x837d5cab49fa9d1bd3577eb2d0b08dbedfeb31cf,Cheery_Panda1,ETH_TEST3,0.01
0x4f2dc61eeaa1cf8b095e9a7de3151caaae68422f,Silly_Dragon1,ETH_TEST3,0.01
0x7968d660a2184d48c66503e58beefb13b4a13916,Spunky_Octopus1,ETH_TEST3,0.01
0xb6b6ebc963be6d13ad5e97a55895717c9c3b440e,Clever_Dolphin1,ETH_TEST3,0.01
0x9d6057c0b8dfb8db6946825a57ae436956e250c5,Funny_Giraffe1,ETH_TEST3,0.01
0xc82fb5d52b9a77282f243c63d8f1cf37c239ae48,Jolly_Monkey1,ETH_TEST3,0.01
0x5d6077c3f4b6eeb76c2b5037af33cf93bb2e0655,Spunky_Elephant1,ETH_TEST3,0.01
0x8f1cb55cae67f90cefa6a28ff579b3dac2967acd,Brave_Sloth1,ETH_TEST3,0.01
0x021e87822520b3ba540ba8068fe2f184b973ea06,Angry_Unicorn1,ETH_TEST3,0.01
0x9bd22c370465729e35924c37228f526ba1d56e42,Witty_Dragon1,ETH_TEST3,0.01
0xc5afbaba24afe9bdd6289470e7cb3809ef939c42,Angry_Sloth1,ETH_TEST3,0.01
0x16972a1e246e9278e20a6c7615333a9565020930,Funny_Elephant1,ETH_TEST3,0.01
0xdf95d130c07bb2baa20ed11a5ef03569e62b48a7,Lively_Octopus1,ETH_TEST3,0.01
0xfa186b37bb45aaecdfeeb881fa7d19cc365b059a,Sad_Dragon1,ETH_TEST3,0.01
0x12995ecd62c30f5fe9eb76ec6e5ce4b5822aea0c,Caring_Dolphin1,ETH_TEST3,0.01
0x8a407f7c28fa86d30e5ce17fa9c823066b2501c6,Quirky_Unicorn1,ETH_TEST3,0.01
0x129303384ee92d291973ca1d097f7793432f2f78,Lively_Unicorn1,ETH_TEST3,0.01
0x4a7ebb9c9d760f6a2385f82d5d8469b86f4e0cc0,Zany_Sloth1,ETH_TEST3,0.01
0xbaea6bae5b7bc0adcaf0d256296196db0fe73f7f,Silly_Koala1,ETH_TEST3,0.01
0x38f892eb3c5d608d04229c072a8b6cdc3825006e,Bubbly_Koala1,ETH_TEST3,0.01
0x7c7a352dec1c30a178432b00a045efb2a7647817,Silly_Tiger1,ETH_TEST3,0.01
0x700136175032604744a4fa9a4d038028cef7dfbe,Sad_Elephant1,ETH_TEST3,0.01
0xacc3f1c23a9dc6df9efa74cb1021eaa1b1316325,Quirky_Dolphin1,ETH_TEST3,0.01
0x3d103ce026be5ecc6ecc348b524c2150f90b41d0,Happy_Lion1,ETH_TEST3,0.01
0x359158a9efd8cd2d2d87bdb80ab4b1e8be2ed69b,Playful_Narwhal1,ETH_TEST3,0.01
0x292c0fa07a0935d0ca737581be3d25e63fb4d8ee,Funny_Unicorn1,ETH_TEST3,0.01
0x6fa3fa8b29ef3e1bbe726a833d8c3e68e11bc603,Silly_Tiger1,ETH_TEST3,0.01
0xec0f94c0e3874e31b49add45e245f8ea814507a1,Funny_Dragon1,ETH_TEST3,0.01
0xe30139bbd03e8c7d96244fdedfec711df687b5f1,Lively_Flamingo1,ETH_TEST3,0.01
0x8bb07408de7f8666a5cfb5171fd1ae2c90ab95f4,Funny_Giraffe1,ETH_TEST3,0.01
0xc0398186f1899db066c07ac7091e48d6386c3b5e,Funny_Giraffe1,ETH_TEST3,0.01
0xf874394326b9201e18e1c7947e8534501f08c1a5,Jolly_Giraffe1,ETH_TEST3,0.01
0xb0c02904984ef4d005df6564b362f290f5699927,Zany_Koala1,ETH_TEST3,0.01
0x2108923e59ab9ab27da60d93202e4b76e52f372c,Bubbly_Flamingo1,ETH_TEST3,0.01
0xb6a46fb044d1a146a8d92bbf213392cd21808467,Caring_Sloth1,ETH_TEST3,0.01
0x912c542781f9a7c2f01f3178f024241312d9e954,Caring_Dolphin1,ETH_TEST3,0.01
0x0cf1e4e99513dacdaf4f1d8e2b9cc54d355e2b2d,Kind_Lion1,ETH_TEST3,0.01
0x4c8d98788b42eaae952692a23af7818dc3b072e2,Happy_Sloth1,ETH_TEST3,0.01
0x022c0ecc3779d82390e413bbf33ef7fd0bf64d13,Vibrant_Elephant1,ETH_TEST3,0.01
0x7eb253b40ba8e07f3895de48c6406762e0942846,Playful_Narwhal1,ETH_TEST3,0.01
0xd7d4482f8290e8eb0b3d13443a28ce435ee43d7e,Playful_Kangaroo1,ETH_TEST3,0.01
0xde4dca71dfe5c5368de3dbb654dfa884c30b0fad,Zany_Octopus1,ETH_TEST3,0.01
0x604be4f448bf3617eef951ef635d0f1b7891e38f,Playful_Dolphin1,ETH_TEST3,0.01
0x8b1be70a0e18ca9f68ba1777d88d0f78c190fa72,Quirky_Elephant1,ETH_TEST3,0.01
0xab1cf3bc6ed6c3758025d029faeaf85978741786,Quirky_Panda1,ETH_TEST3,0.01
0xb5f4eeca018006352302dd6ee85c1e8b04ab9d79,Brave_Giraffe1,ETH_TEST3,0.01
0x7f4ae7aa2efb22fb08e654bf76fd4e0c39e4b7de,Angry_Dolphin1,ETH_TEST3,0.01
0xa279baca96ba1240e5138010a1d5c91a365405dc,Zany_Monkey1,ETH_TEST3,0.01
0x049a415922ca1ae84a3b75246e7c123deb1653cd,Lively_Sloth1,ETH_TEST3,0.01
0xe3c3cf1f977f5ad76581be2c4784435f2b72ed1e,Clever_Elephant1,ETH_TEST3,0.01
0xc8369994614ae7a8888cc3eae04e821f7e13d341,Lively_Narwhal1,ETH_TEST3,0.01
0xdd416d3d8c79097a1bfba3293bdb14dc6aaf7157,Happy_Octopus1,ETH_TEST3,0.01
0x13c728c7c0aa3ec2b0f0aeddc16d053314e333c6,Jolly_Narwhal1,ETH_TEST3,0.01
0x50bf456bc5cd88d7011da357804b52f9dc096a58,Playful_Unicorn1,ETH_TEST3,0.01
0x933d018904a05ec86ae78b524076e8c6ed72eba5,Clever_Flamingo1,ETH_TEST3,0.01
0xe5cbd489933bc5339a99286de137aa3eb43fd94c,Angry_Monkey1,ETH_TEST3,0.01
0x51d612e853bf88ae789462bbdec2a8c318c0132e,Witty_Lion1,ETH_TEST3,0.01
0xba76b7d0a1f0fe8f51f5ef110353fa97e9baf3a5,Happy_Sloth1,ETH_TEST3,0.01
0x2293d54e2e7e9b8c3f4fdef7853f5327e9f2bd51,Jolly_Flamingo1,ETH_TEST3,0.01
0x780d4e7b6edddb763b559f91db9700125b1c2d66,Zany_Sloth1,ETH_TEST3,0.01
0x6516478dae3db918ada1424a6aae1e981c4d2d53,Sad_Unicorn1,ETH_TEST3,0.01
0xd0839c1512143b4131f9d638badcc0533fa9f0ff,Vibrant_Narwhal1,ETH_TEST3,0.01
0x536e82caab1f3b9b70373bf58be963e836bc5cc7,Zany_Dragon1,ETH_TEST3,0.01
0xef1e3b611e932c16ea33d15f080aa5c0aa457488,Clever_Monkey1,ETH_TEST3,0.01
0x6d7879e117bd071367dd8dca0078a164cfc1ea2d,Sad_Tiger1,ETH_TEST3,0.01
0x6634d401e030abf409e95503a231694f545e2550,Joyful_Panda1,ETH_TEST3,0.01
0x0b09154f4c2174500cfec7e81b01afb737af720a,Zany_Octopus1,ETH_TEST3,0.01
0xb8e923db91f91134ff87f94380aad05546ab2d76,Bubbly_Dragon1,ETH_TEST3,0.01
0x95fcdb28ed1ebf2634a424d8e0be4323d14a81f1,Kind_Kangaroo1,ETH_TEST3,0.01
0xe8e9854a21c5ea90ba22a8617335733302c88b4c,Vibrant_Koala1,ETH_TEST3,0.01
0x429ed301cf3ac49f8ab9d2e7d3e21e98bf3a126f,Cheery_Octopus1,ETH_TEST3,0.01
0x609c89bc1aef29979c1c3b15b260c02401fc4391,Angry_Penguin1,ETH_TEST3,0.01
0x8bbdff5c22bd592acd302661d4301501d08de223,Funny_Flamingo1,ETH_TEST3,0.01
0x60125f948c80c1041a9a6b001ebeaa02b64234e2,Happy_Unicorn1,ETH_TEST3,0.01
0x8a7708b770c25981808d7b70be45f152982f42f4,Kind_Narwhal1,ETH_TEST3,0.01
0xf1c333b9507a66c2c72777438e472df06031bdce,Bubbly_Kangaroo1,ETH_TEST3,0.01
0xad4a55ccddcc5f5997a2dc88088d5d959e784c16,Cheery_Sloth1,ETH_TEST3,0.01
0x91c82c112d9886b3ee7fce4a733edd4d3a58b324,Clever_Giraffe1,ETH_TEST3,0.01
0xe506cfce2df9eedb1834236b5a2b251beb02f239,Jolly_Dolphin1,ETH_TEST3,0.01
0xe0a55836ec927d289fd23c2f0561a4405baa3b39,Playful_Octopus1,ETH_TEST3,0.01
0xea5af05781f619427492e4466b156655f94b3079,Vibrant_Lion1,ETH_TEST3,0.01
0xcd0d806d610983b72b2544f513e76d462dfcd7d4,Playful_Dolphin1,ETH_TEST3,0.01
0x8d4adc3c67fadd7ec23d134eda83cf89e9b036fd,Jolly_Unicorn1,ETH_TEST3,0.01
0x6e175623f309b7b9e99cd32a7e85d2df7a33f4b8,Funny_Flamingo1,ETH_TEST3,0.01
0x9f9ca659f004f38161dca1cc41d309617928065e,Happy_Dragon1,ETH_TEST3,0.01
0x64fcf2d1ffa09fb135724d5d778ccc271692900f,Sad_Flamingo1,ETH_TEST3,0.01
0x695e2c9ac37ba3028f46621c742e60fe530a873c,Funny_Narwhal1,ETH_TEST3,0.01
0x28061ac25e9195546e5a75f4a373746f53b3a5db,Sad_Monkey1,ETH_TEST3,0.01
0x38e179063c80627c144c660f018c8e478f767223,Jolly_Dragon1,ETH_TEST3,0.01
0xe4eb3abf169fb78461009102b411dfb478f4e62e,Kind_Lion1,ETH_TEST3,0.01
0x8316ac34f865655f00956f0768361fb2375a0b42,Lively_Elephant1,ETH_TEST3,0.01
0x82be8f38c961feeaaee2d084cd31e270327fa42d,Happy_Dragon1,ETH_TEST3,0.01
0x234e17b6c1559e8c36094f6bebac244223ba17d3,Spunky_Sloth1,ETH_TEST3,0.01
0xb08e5672865a871accce715e2b37ab0afb070df5,Brave_Lion1,ETH_TEST3,0.01
0xbcd81d6a5437467249b816d004de6e5db5e1fb01,Lively_Sloth1,ETH_TEST3,0.01
0xf17a7ace566d2a7f3996bb0fb203dc5f99537eb4,Jolly_Tiger1,ETH_TEST3,0.01
0x34993ac86cec35a6fa25ba53a90d11313dec2cbf,Spunky_Dragon1,ETH_TEST3,0.01
0xcaa0b208c014877cb830423547f9632a47664d61,Joyful_Giraffe1,ETH_TEST3,0.01
0x78872d7270f7b0ca0b9ab0480156a438004b80e2,Funny_Unicorn1,ETH_TEST3,0.01
0x3ddced250e3f621b2d3e40e4892d9ad225d93c4f,Clever_Octopus1,ETH_TEST3,0.01
0x16bebff697f349dc4ab9330240e42bdfeed40a7b,Silly_Kangaroo1,ETH_TEST3,0.01
0xb59301a287686cd4c96a9204279a7793064e2aa1,Jolly_Tiger1,ETH_TEST3,0.01
0x75c9ec4fc3e042a1fb60ab4ccd984b4e7a7e2d2f,Witty_Tiger1,ETH_TEST3,0.01
0x6915b7ce31783c95d86619b49333e224994ed508,Funny_Narwhal1,ETH_TEST3,0.01
0x704a524c43e633e515c0ea0d75a166f09847e638,Joyful_Unicorn1,ETH_TEST3,0.01
0x9fb092c327e26511e113c3b005fc9ec5b8d175a3,Silly_Kangaroo1,ETH_TEST3,0.01
0x66dc0852c94d4b364c0ae9e2c4b32c859feaae97,Funny_Monkey1,ETH_TEST3,0.01
0x0da6e5f023ea6077a3c8d2c6a05d825a5862084a,Zany_Penguin1,ETH_TEST3,0.01
0xbae72408ad9fcb34833157308f34a3cac214fecc,Cheery_Panda1,ETH_TEST3,0.01
0x714743663c673305b1ebd19e553df9a6036a2513,Sad_Sloth1,ETH_TEST3,0.01
0x2fde17472a77625c8c52415356acd84a05496f1e,Quirky_Elephant1,ETH_TEST3,0.01
0x841b80e20a107c567e1e1514ebe65b7c57ec9c18,Playful_Kangaroo1,ETH_TEST3,0.01
0x55ab18b84eddae01159be7a552c683819da4611f,Spunky_Koala1,ETH_TEST3,0.01
0x14bf00c70c4c87da4c42c5bc2d54f6e9697fd361,Playful_Sloth1,ETH_TEST3,0.01
0xb2af27fbac681668da295fd4f961440e5eb3df1c,Kind_Dolphin1,ETH_TEST3,0.01
0x9069d2f928d8f7d9de2d5506f75da484d2bfa6b5,Sad_Lion1,ETH_TEST3,0.01
0xc6a252f0e23c230595a36194bd0b58a6d329efcb,Caring_Dragon1,ETH_TEST3,0.01
0x7763f56f021a780aa8f2c24d6fb91d8d8df74f0d,Silly_Giraffe1,ETH_TEST3,0.01
0x1ba3e4df6e54a9847be8f4c9f01b85ea7ce4e473,Caring_Flamingo1,ETH_TEST3,0.01
0x4f608718858dac49ab797a607914f581abb36f5c,Spunky_Narwhal1,ETH_TEST3,0.01
0x6743c71d104a9c918736c0e44b7010b3cbb6350f,Kind_Narwhal1,ETH_TEST3,0.01
0xc988d41f96dbf9498290a56217ce466725531c6f,Jolly_Sloth1,ETH_TEST3,0.01
0x996db30788abaee915aa5a5501e93d94ec89d5b6,Clever_Unicorn1,ETH_TEST3,0.01
0xa727dc54cf514c02ef55040611b4da8c30155191,Witty_Octopus1,ETH_TEST3,0.01
0xe668d80fc8bb27f90c39d40ca6b86ea24b7e63a9,Sad_Octopus1,ETH_TEST3,0.01
0x28dc38a136bac04419ca8922e1da011a0685c897,Happy_Unicorn1,ETH_TEST3,0.01
0xc1b94766fe462cdf2027e6de9d20351054c40fb6,Lively_Giraffe1,ETH_TEST3,0.01
0xc34a1ac36570763d9a1d75077673d78755753585,Spunky_Koala1,ETH_TEST3,0.01
0x79a0b7e3e5b9e6dcadcea5f711b2f44d37a36c5e,Quirky_Panda1,ETH_TEST3,0.01
0x75dfd843296c2739db5c8f8fe0c45dedfe0968b0,Sad_Unicorn1,ETH_TEST3,0.01
0xa1f83f0bee26ed41d1e44a0b5dbe3e4f854f17cf,Bubbly_Sloth1,ETH_TEST3,0.01
0x4cf8b436d49a0b3463041a85b0d0bbe791891839,Silly_Flamingo1,ETH_TEST3,0.01
0x32e2b5bfdd7d1c9c36e31f7d19a0a2fa327fa040,Silly_Koala1,ETH_TEST3,0.01
0x44c1a327f0edb38d3e1279e11a26ec0abbf541a0,Playful_Octopus1,ETH_TEST3,0.01
0xe0e09161d05cb9f498ff02abb20f4b56215f00e1,Zany_Giraffe1,ETH_TEST3,0.01
0x164f889f452dee7566e48b65700fd10c6276d70b,Brave_Octopus1,ETH_TEST3,0.01
0xc7a82d47abc8b7d793612f51feae3a9df7aa9c9e,Jolly_Koala1,ETH_TEST3,0.01
0xde23e88c020144fecd65130a90cd5ec116c725b0,Zany_Tiger1,ETH_TEST3,0.01
0x9e1dde02d64a9ac56975608735a83c1c3669213a,Bubbly_Dragon1,ETH_TEST3,0.01
0x534dc4b4f7472643ed8fb3d666191e901ca15634,Cheery_Koala1,ETH_TEST3,0.01
0x24e921e47d892d6aa4085ec99e843ca386e3f8ea,Angry_Monkey1,ETH_TEST3,0.01
0x6a03634e8280feddce4deb795435ac426eadd211,Joyful_Monkey1,ETH_TEST3,0.01
0x752c9147937b78d7d6f0521bcc3416a26054c223,Quirky_Koala1,ETH_TEST3,0.01
0x34901118c895ee2cbf7abe7bb079ea0e546cde4e,Cheery_Kangaroo1,ETH_TEST3,0.01
0x7f5b456d514f04b0b36b6a2b0e067183fdfef720,Joyful_Sloth1,ETH_TEST3,0.01
0x634b7ddccd084895c5193971574fe88808025bd5,Zany_Penguin1,ETH_TEST3,0.01
0x7434e84c861e092644162c7153f03bc462d55ca7,Brave_Giraffe1,ETH_TEST3,0.01
0x9f0e2b5b917f4f005ad2f84c946f0c4e2c981c02,Playful_Tiger1,ETH_TEST3,0.01
0x11cb9843ccaa5fe96347222779622f1378ec3c92,Spunky_Octopus1,ETH_TEST3,0.01
0x73258d1abb4800319ee734fa033574995cde7e50,Funny_Dragon1,ETH_TEST3,0.01
0xe4e2e867beabe6febd17e774170eb07d6dd7ab33,Brave_Narwhal1,ETH_TEST3,0.01
0x76877b38e83e3da49eadd77c113a72ae9116371e,Caring_Panda1,ETH_TEST3,0.01
0x972d4f07ac2ad52a40a584c2c70a7f31f64dd39a,Spunky_Unicorn1,ETH_TEST3,0.01
0x85b39c3133201cb9e4e341db9b33de64f7a5f3ea,Brave_Octopus1,ETH_TEST3,0.01
0xad353f5ba40ee9f141021a4f685ee66796c08386,Joyful_Kangaroo1,ETH_TEST3,0.01
0xb8b0b6a7c24994f2925a5e95e9a0b2b56858faed,Spunky_Unicorn1,ETH_TEST3,0.01
0x66d23252c2b0b198a05a588d19d10bb92e7152cc,Lively_Flamingo1,ETH_TEST3,0.01
0x8a3a53a3508b60e744cbde231dd44028b5cf986d,Spunky_Tiger1,ETH_TEST3,0.01
0x65fc66d703631336090005f5d8081676b286504b,Brave_Giraffe1,ETH_TEST3,0.01
0x1010a3c3bed626e8dcb2e21bcf6189960095c950,Spunky_Unicorn1,ETH_TEST3,0.01
0xbbc08ad3c13040b754d8ec5782d8b0fdbd759347,Sad_Octopus1,ETH_TEST3,0.01
0x40cd6e9562a1d157f68f89dbfae21fc52d98d4d6,Sad_Kangaroo1,ETH_TEST3,0.01
0x7f909450584f94029f5e35d3fdeac6ed77a1a77e,Lively_Narwhal1,ETH_TEST3,0.01
0x7c0e7b2f1ea52b80c0f02069ba6787bd1d2038ba,Silly_Flamingo1,ETH_TEST3,0.01
0xb5f56dc23bb961a47dffa95c607206a109ff20b2,Angry_Tiger1,ETH_TEST3,0.01
0xe909066f7a294f3bb8a8f459866570b514f95dec,Funny_Monkey1,ETH_TEST3,0.01
0xc4773bf0adfc2de9ae6edeac6db6d362a226bc05,Lively_Kangaroo1,ETH_TEST3,0.01
0xe128efeb64e159107aaa794613ed7638809fe80b,Lively_Narwhal1,ETH_TEST3,0.01
0x3a77a21d3137c4df37db7fce4ea26718dd7f85c2,Quirky_Octopus1,ETH_TEST3,0.01
0xd2850eb2a1b7e631f8bf47069d24d88fac3a06e0,Sad_Narwhal1,ETH_TEST3,0.01
0x77e61125ce51cb702f62f0ac89231583d479c6d6,Brave_Giraffe1,ETH_TEST3,0.01
0x505cbd3c1e2b37d9111431fe3eea995a679850be,Playful_Narwhal1,ETH_TEST3,0.01
0x0cc70e6d025aa86126b3716afca2ec0c9785effc,Jolly_Dolphin1,ETH_TEST3,0.01
0xc0ac0cdb12900987be8ee0b79dc527914e6f1cb2,Quirky_Tiger1,ETH_TEST3,0.01
0xd06c5413befe0b24fe6dd27c4f49e0ae378f102d,Angry_Elephant1,ETH_TEST3,0.01
0xc39152a5421513c239cb125e16994b53f4a5417b,Bubbly_Kangaroo1,ETH_TEST3,0.01
0xc49e5673510ed285c2c10cf2283b2b2507f19417,Caring_Tiger1,ETH_TEST3,0.01
0xb510a64e857430fbd64d386e51474dc87c59a952,Silly_Octopus1,ETH_TEST3,0.01
0x68d003ae791042ef46f11970011a6c4c497b9492,Witty_Dragon1,ETH_TEST3,0.01
0x072fe87670024c2638ec489ee0fb48180be5d371,Bubbly_Elephant1,ETH_TEST3,0.01
0xd99c5123b2ba3a4d3d77cd048c2a1ae5e5d755ba,Silly_Kangaroo1,ETH_TEST3,0.01
0xaa6cbc9f32f6dab2a9b9c4ffed31729e7c9bdefd,Caring_Tiger1,ETH_TEST3,0.01
0xc91cc8ebd49043d753f502436339cd3896cbf6d1,Funny_Penguin1,ETH_TEST3,0.01
0xdbf4fab516898f626c93ca9d3247e46e3a0dda05,Silly_Koala1,ETH_TEST3,0.01
0x4e9cfc8b33accb340f6d4e7a47ba1daa906deb29,Brave_Koala1,ETH_TEST3,0.01
0x3dcd3548fceb8085a332cdb0a52c54ca89a103d0,Silly_Panda1,ETH_TEST3,0.01
0xad17f49f61bede1cccce191a95c9f83d8480fdc6,Silly_Narwhal1,ETH_TEST3,0.01
0x7bc5aa2bb0131fd51b12bcf6a7b29900a79bf92c,Spunky_Elephant1,ETH_TEST3,0.01
0xd721e469dc707dc326a5f776eddbcd32d57d62e7,Funny_Giraffe1,ETH_TEST3,0.01
0xeee7c06d06b32511f9154bc8580a7f77d0b40961,Brave_Kangaroo1,ETH_TEST3,0.01
0x05ec76f4f9d6e0037d1b6e24d5ef10b62e91991c,Brave_Monkey1,ETH_TEST3,0.01
0x020d694f00246307222b6c316e1d9d0f1d313a13,Playful_Monkey1,ETH_TEST3,0.01
0xa98bf3f711f0433d677903aa78dacfa08de6a78e,Witty_Lion1,ETH_TEST3,0.01
0xdbd5a2ce055761e1fced08c8255e6f3d99f36461,Witty_Dolphin1,ETH_TEST3,0.01
0x3a57880342fb3c4b57f281ebc0af82c620048fd7,Clever_Unicorn1,ETH_TEST3,0.01
0xf787e1c049a19c7707a468e989da3cbee6d41a70,Playful_Elephant1,ETH_TEST3,0.01
0xb7e854b29a76a93cea8e737a464f0972b42133db,Zany_Lion1,ETH_TEST3,0.01
0xbbe53b337837e68199a10a7d53388614e90413a4,Clever_Elephant1,ETH_TEST3,0.01
0xb14690993e908fec3f1ca8624f9eb4be0ab9042b,Silly_Koala1,ETH_TEST3,0.01
0x85d2bc639052381f25cc1c2fc137f522b2e2da36,Kind_Dragon1,ETH_TEST3,0.01
0xc5dc214294e728f2fbc74e26b2c0697a71ca76ca,Clever_Dolphin1,ETH_TEST3,0.01
0x1247d8c72443f0f8b42d6c150350a3c55e6621cb,Cheery_Kangaroo1,ETH_TEST3,0.01
0x8c6d78e5e54d770f97b4924da8562ea49b94d822,Clever_Monkey1,ETH_TEST3,0.01
0x0b034050dae98158aaa1b9652aef2dbbb76b3064,Sad_Sloth1,ETH_TEST3,0.01
0x621a7c0456325404fbfe25bba54d814c2e1d095b,Kind_Penguin1,ETH_TEST3,0.01
0xd74bcc3293a73aedd8499d43f378fe7f9d65291c,Caring_Narwhal1,ETH_TEST3,0.01
0x4c5975b674f08ff1980c95644054a8dbc0257077,Quirky_Flamingo1,ETH_TEST3,0.01
0x71ebb551ea8721356628c228a9de6247fd67b446,Jolly_Koala1,ETH_TEST3,0.01
0x6f0b215ee9ce4251b385add23ae4d5e8913f8f01,Cheery_Narwhal1,ETH_TEST3,0.01
0x00eca1296a60916e484a337fbc744148159b2f9c,Bubbly_Penguin1,ETH_TEST3,0.01
0x05baa331fd51fdf387aa6e79a44632429a87ba6d,Spunky_Dolphin1,ETH_TEST3,0.01
0x0158f40acea2ef129402b2d1db6f720d56ef4c17,Clever_Panda1,ETH_TEST3,0.01
0xedc6cc2a871bd2594794ee1d3947cb5a6ca0103b,Kind_Tiger1,ETH_TEST3,0.01
0x9d1507d102826db36489e06e11abffbbf2870de0,Happy_Octopus1,ETH_TEST3,0.01
0xa485223ce4d445b0608ff1d7b87ceae1c7a67a92,Clever_Unicorn1,ETH_TEST3,0.01
0x1d45a3e6fbec2ce327c0f680ca9e752636d1fa22,Spunky_Narwhal1,ETH_TEST3,0.01
0x334bdc4dacca73965693ca78d381b123508594ad,Cheery_Lion1,ETH_TEST3,0.01
0xebc7dadcac8e27abae1b8532d660eb91b911e999,Joyful_Dragon1,ETH_TEST3,0.01
0x57cb8f42337c1cd9155a5a825d6cf1f5a054d702,Sad_Kangaroo1,ETH_TEST3,0.01
0x46e2a3c20f9d85dabff0e6e338084f90bcdea2b3,Caring_Octopus1,ETH_TEST3,0.01